[90m2026-01-28T09:21:10.425Z[39m [96mINFO[39m [97m@wdio/browserstack-service[39m BrowserStack service started with id: f9503514-a952-4840-9723-408a4b168ba6
[90m2026-01-28T09:21:10.425Z[39m [32mDEBUG[39m [97m@wdio/browserstack-service[39m _options data: {"browserstackLocal":true,"opts":{"forcelocal":false},"percy":true,"percyCaptureMode":"auto","testObservability":true,"testObservabilityOptions":{"projectName":"rspace-web-percy","buildName":"e2e-tests","buildTag":"run-202601280921"}}
[90m2026-01-28T09:21:10.425Z[39m [32mDEBUG[39m [97m@wdio/browserstack-service[39m webdriver capabilities data: [{"browserName":"Chrome","bstack:options":{"browserVersion":"120.0","os":"Windows","osVersion":"10","buildIdentifier":"${BUILD_NUMBER}","consoleLogs":"info","networkLogs":"true","projectName":"rspace-web-percy","buildName":"e2e-tests"}},{"browserName":"Safari","bstack:options":{"browserVersion":"15.6","os":"OS X","osVersion":"Monterey","buildIdentifier":"${BUILD_NUMBER}","consoleLogs":"info","networkLogs":"true","projectName":"rspace-web-percy","buildName":"e2e-tests"}},{"browserName":"Chromium","bstack:options":{"deviceOrientation":"portrait","deviceName":"iPhone 13","osVersion":"15","buildIdentifier":"${BUILD_NUMBER}","consoleLogs":"info","networkLogs":"true","projectName":"rspace-web-percy","buildName":"e2e-tests"}}]
[90m2026-01-28T09:21:10.425Z[39m [32mDEBUG[39m [97m@wdio/browserstack-service[39m _config data: {"rootDir":"/Users/adarsh/Documents/percy/web/rspace","specs":["./test/specs/**/*.js"],"suites":{},"exclude":[],"capabilities":[],"logLevel":"info","logLevels":{},"groupLogsByTestSpec":false,"excludeDriverLogs":[],"bail":0,"waitforInterval":100,"waitforTimeout":10000,"framework":"mocha","reporters":["spec"],"services":[["browserstack",{"browserstackLocal":true,"opts":{"forcelocal":false},"percy":true,"percyCaptureMode":"auto","testObservability":true,"testObservabilityOptions":{"projectName":"rspace-web-percy","buildName":"e2e-tests","buildTag":"run-202601280921"}}]],"maxInstances":10,"maxInstancesPerCapability":100,"injectGlobals":true,"filesToWatch":[],"connectionRetryTimeout":120000,"connectionRetryCount":3,"execArgv":[],"runnerEnv":{"FORCE_COLOR":"1"},"runner":"local","shard":{"current":1,"total":1},"specFileRetries":0,"specFileRetriesDelay":0,"specFileRetriesDeferred":false,"autoAssertOnTestEnd":true,"reporterSyncInterval":100,"reporterSyncTimeout":5000,"cucumberFeaturesWithLineNumbers":[],"mochaOpts":{"timeout":60000,"ui":"bdd"},"jasmineOpts":{"defaultTimeoutInterval":10000},"cucumberOpts":{"timeout":10000},"onPrepare":[],"onWorkerStart":[],"onWorkerEnd":[],"before":[],"beforeSession":[],"beforeSuite":[],"beforeHook":[],"beforeTest":[],"beforeCommand":[],"afterCommand":[],"afterTest":[],"afterHook":[],"afterSuite":[],"afterSession":[],"after":[],"onComplete":[],"onReload":[],"beforeAssertion":[],"afterAssertion":[],"beforeFeature":[],"beforeScenario":[],"beforeStep":[],"afterStep":[],"afterScenario":[],"afterFeature":[],"_":["run","run"],"$0":"/Users/adarsh/Documents/percy/web/rspace/node_modules/.bin/wdio","config-path":"wdio.conf.js","user":"adarshsreeram_y1cpaK","key":"vq1Ka5q2fodyT1sL9GFp","hostname":"hub.browserstack.com","commonCapabilities":{"bstack:options":{"buildIdentifier":"${BUILD_NUMBER}","consoleLogs":"info","networkLogs":"true","projectName":"rspace-web-percy","buildName":"e2e-tests"}}}
[90m2026-01-28T09:21:10.426Z[39m [32mDEBUG[39m [97m@wdio/browserstack-service[39m Sending SDK event with data {
  userName: '[REDACTED]',
  accessKey: '[REDACTED]',
  event_type: 'SDKTestAttempted',
  detectedFramework: 'WebdriverIO-mocha',
  event_properties: {
    sdkRunId: 'f9503514-a952-4840-9723-408a4b168ba6',
    testhub_uuid: undefined,
    language_framework: 'WebdriverIO_mocha',
    referrer: 'WebdriverIO-mocha/9.20.0',
    language: 'WebdriverIO',
    languageVersion: 'v22.15.1',
    buildName: 'e2e-tests',
    buildIdentifier: '${BUILD_NUMBER}',
    os: 'Darwin',
    hostname: 'Adarsh-RG9M5920FF',
    productMap: {
      observability: true,
      accessibility: null,
      percy: true,
      automate: true,
      app_automate: false
    },
    product: [ 'observability', 'percy', 'automate' ],
    framework: 'mocha'
  }
}
[90m2026-01-28T09:21:10.786Z[39m [32mDEBUG[39m [97m@wdio/browserstack-service[39m Funnel Event Response: "{\"message\":\"SDK Event recorded successfully\"}"
[90m2026-01-28T09:21:10.786Z[39m [32mDEBUG[39m [97m@wdio/browserstack-service[39m Funnel event success
[90m2026-01-28T09:21:10.786Z[39m [32mDEBUG[39m [97m@wdio/browserstack-service[39m app is not defined in browserstack-service config, skipping ...
[90m2026-01-28T09:21:10.789Z[39m [33mWARN[39m [97m@wdio/browserstack-service[39m Accessibility Automation will run only on Chrome browsers.
[90m2026-01-28T09:21:10.789Z[39m [33mWARN[39m [97m@wdio/browserstack-service[39m Accessibility Automation will run only on Chrome browsers.
[90m2026-01-28T09:21:10.789Z[39m [32mDEBUG[39m [97m@wdio/browserstack-service[39m Sending launch start event
[90m2026-01-28T09:21:11.642Z[39m [32mDEBUG[39m [97m@wdio/browserstack-service[39m [Start_Build] Success response: {"observability":{"success":true,"options":{"allow_screenshots":true}},"automate":{"success":true,"options":{"allow_screenshots":true}},"build_hashed_id":"r3e7xdkdp2naaghshqr9nbofq0qhbfhtjmhhymr3","jwt":"eyJhbGciOiJIUzI1NiJ9.eyJpc3MiOiJicm93c2Vyc3RhY2tfb2IiLCJzdWIiOiI2NDIzNzgxIiwiZ3JvdXBfaWQiOjYzMzc1MzcsInVzZXJfaWQiOjY0MjM3ODEsImJ1aWxkX2hhc2hlZF9pZCI6InIzZTd4ZGtkcDJuYWFnaHNocXI5bmJvZnEwcWhiZmh0am1oaHltcjMiLCJwcm9qZWN0X25hbWUiOiJyc3BhY2Utd2ViLXBlcmN5IiwiaG9va19hc190ZXN0IjoiMSIsImJ1aWxkX25hbWUiOiJ0ZXN0cyIsInByb2R1Y3RfbWFwIjoie1wib2JzZXJ2YWJpbGl0eVwiOnRydWUsXCJhdXRvbWF0ZVwiOnRydWUsXCJhY2Nlc3NpYmlsaXR5QXV0b0VuYWJsZWRcIjp0cnVlLFwib3JpZ2luRnJvbVByb2R1Y3RNYXBcIjpcIkF1dG9tYXRlXCIsXCJic3RhY2tBdXRvbWF0aW9uXCI6dHJ1ZSxcIm5vblNES1wiOmZhbHNlLFwiY2FkXCI6dHJ1ZX0iLCJncnJfcmVnaW9uIjoiIiwiaXNfbG93X3ZvbHVtZSI6ZmFsc2UsImlzX2xjbmNfZXZlbnQiOmZhbHNlLCJpc19sdHNfZXZlbnQiOmZhbHNlLCJzaWduaW5nX2tleV9oYXNoIjoiMzdjMTEzMWU0YjJlNzQzYzc2NmUxZDcwYmY1ZjJiNTdkYzY5YjE5NWQzMDBlMzJhZThkMDIzMTIwYTRhNmQ5NyIsImlhdCI6MTc2OTU5MjA3MSwiZXhwIjoxNzY5OTM3NjcxfQ.vdzC4FxXYcxoP0_P3EVRT1uc1Gx4dCXYuQbTELfJrVc"}
[90m2026-01-28T09:21:11.642Z[39m [96mINFO[39m [97m@wdio/browserstack-service[39m Testhub started with id: r3e7xdkdp2naaghshqr9nbofq0qhbfhtjmhhymr3
[90m2026-01-28T09:21:12.481Z[39m [32mDEBUG[39m [97m@wdio/browserstack-service[39m Percy binary is up to date (ETag unchanged)
[90m2026-01-28T09:21:13.389Z[39m [32mDEBUG[39m [97m@wdio/browserstack-service[39m Error in firing request http://127.0.0.1:5338/percy/healthcheck: TypeError: fetch failed
    at node:internal/deps/undici/undici:13510:13
    at process.processTicksAndRejections (node:internal/process/task_queues:105:5)
    at async nodeRequest (file:///Users/adarsh/Documents/percy/web/rspace/node_modules/@wdio/browserstack-service/build/index.js:1215:22)
    at async Percy.healthcheck (file:///Users/adarsh/Documents/percy/web/rspace/node_modules/@wdio/browserstack-service/build/index.js:2917:20)
    at async Percy.start (file:///Users/adarsh/Documents/percy/web/rspace/node_modules/@wdio/browserstack-service/build/index.js:2951:27) {
  [cause]: Error: connect ECONNREFUSED 127.0.0.1:5338
      at TCPConnectWrap.afterConnect [as oncomplete] (node:net:1636:16) {
    errno: -61,
    code: 'ECONNREFUSED',
    syscall: 'connect',
    address: '127.0.0.1',
    port: 5338
  }
}
[90m2026-01-28T09:21:13.389Z[39m [32mDEBUG[39m [97m@wdio/browserstack-service[39m Failed to fire api request due to TypeError: fetch failed - TypeError: fetch failed
    at node:internal/deps/undici/undici:13510:13
    at process.processTicksAndRejections (node:internal/process/task_queues:105:5)
    at async nodeRequest (file:///Users/adarsh/Documents/percy/web/rspace/node_modules/@wdio/browserstack-service/build/index.js:1215:22)
    at async Percy.healthcheck (file:///Users/adarsh/Documents/percy/web/rspace/node_modules/@wdio/browserstack-service/build/index.js:2917:20)
    at async Percy.start (file:///Users/adarsh/Documents/percy/web/rspace/node_modules/@wdio/browserstack-service/build/index.js:2951:27)
[90m2026-01-28T09:21:14.391Z[39m [32mDEBUG[39m [97m@wdio/browserstack-service[39m Error in firing request http://127.0.0.1:5338/percy/healthcheck: TypeError: fetch failed
    at node:internal/deps/undici/undici:13510:13
    at process.processTicksAndRejections (node:internal/process/task_queues:105:5)
    at async nodeRequest (file:///Users/adarsh/Documents/percy/web/rspace/node_modules/@wdio/browserstack-service/build/index.js:1215:22)
    at async Percy.healthcheck (file:///Users/adarsh/Documents/percy/web/rspace/node_modules/@wdio/browserstack-service/build/index.js:2917:20)
    at async Percy.start (file:///Users/adarsh/Documents/percy/web/rspace/node_modules/@wdio/browserstack-service/build/index.js:2951:27) {
  [cause]: Error: connect ECONNREFUSED 127.0.0.1:5338
      at TCPConnectWrap.afterConnect [as oncomplete] (node:net:1636:16) {
    errno: -61,
    code: 'ECONNREFUSED',
    syscall: 'connect',
    address: '127.0.0.1',
    port: 5338
  }
}
[90m2026-01-28T09:21:14.391Z[39m [32mDEBUG[39m [97m@wdio/browserstack-service[39m Failed to fire api request due to TypeError: fetch failed - TypeError: fetch failed
    at node:internal/deps/undici/undici:13510:13
    at process.processTicksAndRejections (node:internal/process/task_queues:105:5)
    at async nodeRequest (file:///Users/adarsh/Documents/percy/web/rspace/node_modules/@wdio/browserstack-service/build/index.js:1215:22)
    at async Percy.healthcheck (file:///Users/adarsh/Documents/percy/web/rspace/node_modules/@wdio/browserstack-service/build/index.js:2917:20)
    at async Percy.start (file:///Users/adarsh/Documents/percy/web/rspace/node_modules/@wdio/browserstack-service/build/index.js:2951:27)
[90m2026-01-28T09:21:15.393Z[39m [32mDEBUG[39m [97m@wdio/browserstack-service[39m Error in firing request http://127.0.0.1:5338/percy/healthcheck: TypeError: fetch failed
    at node:internal/deps/undici/undici:13510:13
    at process.processTicksAndRejections (node:internal/process/task_queues:105:5)
    at async nodeRequest (file:///Users/adarsh/Documents/percy/web/rspace/node_modules/@wdio/browserstack-service/build/index.js:1215:22)
    at async Percy.healthcheck (file:///Users/adarsh/Documents/percy/web/rspace/node_modules/@wdio/browserstack-service/build/index.js:2917:20)
    at async Percy.start (file:///Users/adarsh/Documents/percy/web/rspace/node_modules/@wdio/browserstack-service/build/index.js:2951:27) {
  [cause]: Error: connect ECONNREFUSED 127.0.0.1:5338
      at TCPConnectWrap.afterConnect [as oncomplete] (node:net:1636:16) {
    errno: -61,
    code: 'ECONNREFUSED',
    syscall: 'connect',
    address: '127.0.0.1',
    port: 5338
  }
}
[90m2026-01-28T09:21:15.393Z[39m [32mDEBUG[39m [97m@wdio/browserstack-service[39m Failed to fire api request due to TypeError: fetch failed - TypeError: fetch failed
    at node:internal/deps/undici/undici:13510:13
    at process.processTicksAndRejections (node:internal/process/task_queues:105:5)
    at async nodeRequest (file:///Users/adarsh/Documents/percy/web/rspace/node_modules/@wdio/browserstack-service/build/index.js:1215:22)
    at async Percy.healthcheck (file:///Users/adarsh/Documents/percy/web/rspace/node_modules/@wdio/browserstack-service/build/index.js:2917:20)
    at async Percy.start (file:///Users/adarsh/Documents/percy/web/rspace/node_modules/@wdio/browserstack-service/build/index.js:2951:27)
[90m2026-01-28T09:21:16.396Z[39m [32mDEBUG[39m [97m@wdio/browserstack-service[39m Error in firing request http://127.0.0.1:5338/percy/healthcheck: TypeError: fetch failed
    at node:internal/deps/undici/undici:13510:13
    at process.processTicksAndRejections (node:internal/process/task_queues:105:5)
    at async nodeRequest (file:///Users/adarsh/Documents/percy/web/rspace/node_modules/@wdio/browserstack-service/build/index.js:1215:22)
    at async Percy.healthcheck (file:///Users/adarsh/Documents/percy/web/rspace/node_modules/@wdio/browserstack-service/build/index.js:2917:20)
    at async Percy.start (file:///Users/adarsh/Documents/percy/web/rspace/node_modules/@wdio/browserstack-service/build/index.js:2951:27) {
  [cause]: Error: connect ECONNREFUSED 127.0.0.1:5338
      at TCPConnectWrap.afterConnect [as oncomplete] (node:net:1636:16) {
    errno: -61,
    code: 'ECONNREFUSED',
    syscall: 'connect',
    address: '127.0.0.1',
    port: 5338
  }
}
[90m2026-01-28T09:21:16.396Z[39m [32mDEBUG[39m [97m@wdio/browserstack-service[39m Failed to fire api request due to TypeError: fetch failed - TypeError: fetch failed
    at node:internal/deps/undici/undici:13510:13
    at process.processTicksAndRejections (node:internal/process/task_queues:105:5)
    at async nodeRequest (file:///Users/adarsh/Documents/percy/web/rspace/node_modules/@wdio/browserstack-service/build/index.js:1215:22)
    at async Percy.healthcheck (file:///Users/adarsh/Documents/percy/web/rspace/node_modules/@wdio/browserstack-service/build/index.js:2917:20)
    at async Percy.start (file:///Users/adarsh/Documents/percy/web/rspace/node_modules/@wdio/browserstack-service/build/index.js:2951:27)
[90m2026-01-28T09:21:17.405Z[39m [32mDEBUG[39m [97m@wdio/browserstack-service[39m Error in firing request http://127.0.0.1:5338/percy/healthcheck: TypeError: fetch failed
    at node:internal/deps/undici/undici:13510:13
    at process.processTicksAndRejections (node:internal/process/task_queues:105:5)
    at async nodeRequest (file:///Users/adarsh/Documents/percy/web/rspace/node_modules/@wdio/browserstack-service/build/index.js:1215:22)
    at async Percy.healthcheck (file:///Users/adarsh/Documents/percy/web/rspace/node_modules/@wdio/browserstack-service/build/index.js:2917:20)
    at async Percy.start (file:///Users/adarsh/Documents/percy/web/rspace/node_modules/@wdio/browserstack-service/build/index.js:2951:27) {
  [cause]: Error: connect ECONNREFUSED 127.0.0.1:5338
      at TCPConnectWrap.afterConnect [as oncomplete] (node:net:1636:16) {
    errno: -61,
    code: 'ECONNREFUSED',
    syscall: 'connect',
    address: '127.0.0.1',
    port: 5338
  }
}
[90m2026-01-28T09:21:17.405Z[39m [32mDEBUG[39m [97m@wdio/browserstack-service[39m Failed to fire api request due to TypeError: fetch failed - TypeError: fetch failed
    at node:internal/deps/undici/undici:13510:13
    at process.processTicksAndRejections (node:internal/process/task_queues:105:5)
    at async nodeRequest (file:///Users/adarsh/Documents/percy/web/rspace/node_modules/@wdio/browserstack-service/build/index.js:1215:22)
    at async Percy.healthcheck (file:///Users/adarsh/Documents/percy/web/rspace/node_modules/@wdio/browserstack-service/build/index.js:2917:20)
    at async Percy.start (file:///Users/adarsh/Documents/percy/web/rspace/node_modules/@wdio/browserstack-service/build/index.js:2951:27)
[90m2026-01-28T09:21:18.407Z[39m [32mDEBUG[39m [97m@wdio/browserstack-service[39m Error in firing request http://127.0.0.1:5338/percy/healthcheck: TypeError: fetch failed
    at node:internal/deps/undici/undici:13510:13
    at process.processTicksAndRejections (node:internal/process/task_queues:105:5)
    at async nodeRequest (file:///Users/adarsh/Documents/percy/web/rspace/node_modules/@wdio/browserstack-service/build/index.js:1215:22)
    at async Percy.healthcheck (file:///Users/adarsh/Documents/percy/web/rspace/node_modules/@wdio/browserstack-service/build/index.js:2917:20)
    at async Percy.start (file:///Users/adarsh/Documents/percy/web/rspace/node_modules/@wdio/browserstack-service/build/index.js:2951:27) {
  [cause]: Error: connect ECONNREFUSED 127.0.0.1:5338
      at TCPConnectWrap.afterConnect [as oncomplete] (node:net:1636:16) {
    errno: -61,
    code: 'ECONNREFUSED',
    syscall: 'connect',
    address: '127.0.0.1',
    port: 5338
  }
}
[90m2026-01-28T09:21:18.407Z[39m [32mDEBUG[39m [97m@wdio/browserstack-service[39m Failed to fire api request due to TypeError: fetch failed - TypeError: fetch failed
    at node:internal/deps/undici/undici:13510:13
    at process.processTicksAndRejections (node:internal/process/task_queues:105:5)
    at async nodeRequest (file:///Users/adarsh/Documents/percy/web/rspace/node_modules/@wdio/browserstack-service/build/index.js:1215:22)
    at async Percy.healthcheck (file:///Users/adarsh/Documents/percy/web/rspace/node_modules/@wdio/browserstack-service/build/index.js:2917:20)
    at async Percy.start (file:///Users/adarsh/Documents/percy/web/rspace/node_modules/@wdio/browserstack-service/build/index.js:2951:27)
[90m2026-01-28T09:21:19.409Z[39m [32mDEBUG[39m [97m@wdio/browserstack-service[39m Error in firing request http://127.0.0.1:5338/percy/healthcheck: TypeError: fetch failed
    at node:internal/deps/undici/undici:13510:13
    at process.processTicksAndRejections (node:internal/process/task_queues:105:5)
    at async nodeRequest (file:///Users/adarsh/Documents/percy/web/rspace/node_modules/@wdio/browserstack-service/build/index.js:1215:22)
    at async Percy.healthcheck (file:///Users/adarsh/Documents/percy/web/rspace/node_modules/@wdio/browserstack-service/build/index.js:2917:20)
    at async Percy.start (file:///Users/adarsh/Documents/percy/web/rspace/node_modules/@wdio/browserstack-service/build/index.js:2951:27) {
  [cause]: Error: connect ECONNREFUSED 127.0.0.1:5338
      at TCPConnectWrap.afterConnect [as oncomplete] (node:net:1636:16) {
    errno: -61,
    code: 'ECONNREFUSED',
    syscall: 'connect',
    address: '127.0.0.1',
    port: 5338
  }
}
[90m2026-01-28T09:21:19.409Z[39m [32mDEBUG[39m [97m@wdio/browserstack-service[39m Failed to fire api request due to TypeError: fetch failed - TypeError: fetch failed
    at node:internal/deps/undici/undici:13510:13
    at process.processTicksAndRejections (node:internal/process/task_queues:105:5)
    at async nodeRequest (file:///Users/adarsh/Documents/percy/web/rspace/node_modules/@wdio/browserstack-service/build/index.js:1215:22)
    at async Percy.healthcheck (file:///Users/adarsh/Documents/percy/web/rspace/node_modules/@wdio/browserstack-service/build/index.js:2917:20)
    at async Percy.start (file:///Users/adarsh/Documents/percy/web/rspace/node_modules/@wdio/browserstack-service/build/index.js:2951:27)
[90m2026-01-28T09:21:20.413Z[39m [32mDEBUG[39m [97m@wdio/browserstack-service[39m Error in firing request http://127.0.0.1:5338/percy/healthcheck: TypeError: fetch failed
    at node:internal/deps/undici/undici:13510:13
    at process.processTicksAndRejections (node:internal/process/task_queues:105:5)
    at async nodeRequest (file:///Users/adarsh/Documents/percy/web/rspace/node_modules/@wdio/browserstack-service/build/index.js:1215:22)
    at async Percy.healthcheck (file:///Users/adarsh/Documents/percy/web/rspace/node_modules/@wdio/browserstack-service/build/index.js:2917:20)
    at async Percy.start (file:///Users/adarsh/Documents/percy/web/rspace/node_modules/@wdio/browserstack-service/build/index.js:2951:27) {
  [cause]: Error: connect ECONNREFUSED 127.0.0.1:5338
      at TCPConnectWrap.afterConnect [as oncomplete] (node:net:1636:16) {
    errno: -61,
    code: 'ECONNREFUSED',
    syscall: 'connect',
    address: '127.0.0.1',
    port: 5338
  }
}
[90m2026-01-28T09:21:20.413Z[39m [32mDEBUG[39m [97m@wdio/browserstack-service[39m Failed to fire api request due to TypeError: fetch failed - TypeError: fetch failed
    at node:internal/deps/undici/undici:13510:13
    at process.processTicksAndRejections (node:internal/process/task_queues:105:5)
    at async nodeRequest (file:///Users/adarsh/Documents/percy/web/rspace/node_modules/@wdio/browserstack-service/build/index.js:1215:22)
    at async Percy.healthcheck (file:///Users/adarsh/Documents/percy/web/rspace/node_modules/@wdio/browserstack-service/build/index.js:2917:20)
    at async Percy.start (file:///Users/adarsh/Documents/percy/web/rspace/node_modules/@wdio/browserstack-service/build/index.js:2951:27)
[90m2026-01-28T09:21:21.415Z[39m [32mDEBUG[39m [97m@wdio/browserstack-service[39m Error in firing request http://127.0.0.1:5338/percy/healthcheck: TypeError: fetch failed
    at node:internal/deps/undici/undici:13510:13
    at process.processTicksAndRejections (node:internal/process/task_queues:105:5)
    at async nodeRequest (file:///Users/adarsh/Documents/percy/web/rspace/node_modules/@wdio/browserstack-service/build/index.js:1215:22)
    at async Percy.healthcheck (file:///Users/adarsh/Documents/percy/web/rspace/node_modules/@wdio/browserstack-service/build/index.js:2917:20)
    at async Percy.start (file:///Users/adarsh/Documents/percy/web/rspace/node_modules/@wdio/browserstack-service/build/index.js:2951:27) {
  [cause]: Error: connect ECONNREFUSED 127.0.0.1:5338
      at TCPConnectWrap.afterConnect [as oncomplete] (node:net:1636:16) {
    errno: -61,
    code: 'ECONNREFUSED',
    syscall: 'connect',
    address: '127.0.0.1',
    port: 5338
  }
}
[90m2026-01-28T09:21:21.416Z[39m [32mDEBUG[39m [97m@wdio/browserstack-service[39m Failed to fire api request due to TypeError: fetch failed - TypeError: fetch failed
    at node:internal/deps/undici/undici:13510:13
    at process.processTicksAndRejections (node:internal/process/task_queues:105:5)
    at async nodeRequest (file:///Users/adarsh/Documents/percy/web/rspace/node_modules/@wdio/browserstack-service/build/index.js:1215:22)
    at async Percy.healthcheck (file:///Users/adarsh/Documents/percy/web/rspace/node_modules/@wdio/browserstack-service/build/index.js:2917:20)
    at async Percy.start (file:///Users/adarsh/Documents/percy/web/rspace/node_modules/@wdio/browserstack-service/build/index.js:2951:27)
[90m2026-01-28T09:21:22.417Z[39m [32mDEBUG[39m [97m@wdio/browserstack-service[39m Error in firing request http://127.0.0.1:5338/percy/healthcheck: TypeError: fetch failed
    at node:internal/deps/undici/undici:13510:13
    at process.processTicksAndRejections (node:internal/process/task_queues:105:5)
    at async nodeRequest (file:///Users/adarsh/Documents/percy/web/rspace/node_modules/@wdio/browserstack-service/build/index.js:1215:22)
    at async Percy.healthcheck (file:///Users/adarsh/Documents/percy/web/rspace/node_modules/@wdio/browserstack-service/build/index.js:2917:20)
    at async Percy.start (file:///Users/adarsh/Documents/percy/web/rspace/node_modules/@wdio/browserstack-service/build/index.js:2951:27) {
  [cause]: Error: connect ECONNREFUSED 127.0.0.1:5338
      at TCPConnectWrap.afterConnect [as oncomplete] (node:net:1636:16) {
    errno: -61,
    code: 'ECONNREFUSED',
    syscall: 'connect',
    address: '127.0.0.1',
    port: 5338
  }
}
[90m2026-01-28T09:21:22.417Z[39m [32mDEBUG[39m [97m@wdio/browserstack-service[39m Failed to fire api request due to TypeError: fetch failed - TypeError: fetch failed
    at node:internal/deps/undici/undici:13510:13
    at process.processTicksAndRejections (node:internal/process/task_queues:105:5)
    at async nodeRequest (file:///Users/adarsh/Documents/percy/web/rspace/node_modules/@wdio/browserstack-service/build/index.js:1215:22)
    at async Percy.healthcheck (file:///Users/adarsh/Documents/percy/web/rspace/node_modules/@wdio/browserstack-service/build/index.js:2917:20)
    at async Percy.start (file:///Users/adarsh/Documents/percy/web/rspace/node_modules/@wdio/browserstack-service/build/index.js:2951:27)
[90m2026-01-28T09:21:23.419Z[39m [32mDEBUG[39m [97m@wdio/browserstack-service[39m Error in firing request http://127.0.0.1:5338/percy/healthcheck: TypeError: fetch failed
    at node:internal/deps/undici/undici:13510:13
    at process.processTicksAndRejections (node:internal/process/task_queues:105:5)
    at async nodeRequest (file:///Users/adarsh/Documents/percy/web/rspace/node_modules/@wdio/browserstack-service/build/index.js:1215:22)
    at async Percy.healthcheck (file:///Users/adarsh/Documents/percy/web/rspace/node_modules/@wdio/browserstack-service/build/index.js:2917:20)
    at async Percy.start (file:///Users/adarsh/Documents/percy/web/rspace/node_modules/@wdio/browserstack-service/build/index.js:2951:27) {
  [cause]: Error: connect ECONNREFUSED 127.0.0.1:5338
      at TCPConnectWrap.afterConnect [as oncomplete] (node:net:1636:16) {
    errno: -61,
    code: 'ECONNREFUSED',
    syscall: 'connect',
    address: '127.0.0.1',
    port: 5338
  }
}
[90m2026-01-28T09:21:23.419Z[39m [32mDEBUG[39m [97m@wdio/browserstack-service[39m Failed to fire api request due to TypeError: fetch failed - TypeError: fetch failed
    at node:internal/deps/undici/undici:13510:13
    at process.processTicksAndRejections (node:internal/process/task_queues:105:5)
    at async nodeRequest (file:///Users/adarsh/Documents/percy/web/rspace/node_modules/@wdio/browserstack-service/build/index.js:1215:22)
    at async Percy.healthcheck (file:///Users/adarsh/Documents/percy/web/rspace/node_modules/@wdio/browserstack-service/build/index.js:2917:20)
    at async Percy.start (file:///Users/adarsh/Documents/percy/web/rspace/node_modules/@wdio/browserstack-service/build/index.js:2951:27)
[90m2026-01-28T09:21:24.420Z[39m [32mDEBUG[39m [97m@wdio/browserstack-service[39m Error in firing request http://127.0.0.1:5338/percy/healthcheck: TypeError: fetch failed
    at node:internal/deps/undici/undici:13510:13
    at process.processTicksAndRejections (node:internal/process/task_queues:105:5)
    at async nodeRequest (file:///Users/adarsh/Documents/percy/web/rspace/node_modules/@wdio/browserstack-service/build/index.js:1215:22)
    at async Percy.healthcheck (file:///Users/adarsh/Documents/percy/web/rspace/node_modules/@wdio/browserstack-service/build/index.js:2917:20)
    at async Percy.start (file:///Users/adarsh/Documents/percy/web/rspace/node_modules/@wdio/browserstack-service/build/index.js:2951:27) {
  [cause]: Error: connect ECONNREFUSED 127.0.0.1:5338
      at TCPConnectWrap.afterConnect [as oncomplete] (node:net:1636:16) {
    errno: -61,
    code: 'ECONNREFUSED',
    syscall: 'connect',
    address: '127.0.0.1',
    port: 5338
  }
}
[90m2026-01-28T09:21:24.420Z[39m [32mDEBUG[39m [97m@wdio/browserstack-service[39m Failed to fire api request due to TypeError: fetch failed - TypeError: fetch failed
    at node:internal/deps/undici/undici:13510:13
    at process.processTicksAndRejections (node:internal/process/task_queues:105:5)
    at async nodeRequest (file:///Users/adarsh/Documents/percy/web/rspace/node_modules/@wdio/browserstack-service/build/index.js:1215:22)
    at async Percy.healthcheck (file:///Users/adarsh/Documents/percy/web/rspace/node_modules/@wdio/browserstack-service/build/index.js:2917:20)
    at async Percy.start (file:///Users/adarsh/Documents/percy/web/rspace/node_modules/@wdio/browserstack-service/build/index.js:2951:27)
[90m2026-01-28T09:21:25.429Z[39m [32mDEBUG[39m [97m@wdio/browserstack-service[39m Error in firing request http://127.0.0.1:5338/percy/healthcheck: TypeError: fetch failed
    at node:internal/deps/undici/undici:13510:13
    at process.processTicksAndRejections (node:internal/process/task_queues:105:5)
    at async nodeRequest (file:///Users/adarsh/Documents/percy/web/rspace/node_modules/@wdio/browserstack-service/build/index.js:1215:22)
    at async Percy.healthcheck (file:///Users/adarsh/Documents/percy/web/rspace/node_modules/@wdio/browserstack-service/build/index.js:2917:20)
    at async Percy.start (file:///Users/adarsh/Documents/percy/web/rspace/node_modules/@wdio/browserstack-service/build/index.js:2951:27) {
  [cause]: Error: connect ECONNREFUSED 127.0.0.1:5338
      at TCPConnectWrap.afterConnect [as oncomplete] (node:net:1636:16) {
    errno: -61,
    code: 'ECONNREFUSED',
    syscall: 'connect',
    address: '127.0.0.1',
    port: 5338
  }
}
[90m2026-01-28T09:21:25.429Z[39m [32mDEBUG[39m [97m@wdio/browserstack-service[39m Failed to fire api request due to TypeError: fetch failed - TypeError: fetch failed
    at node:internal/deps/undici/undici:13510:13
    at process.processTicksAndRejections (node:internal/process/task_queues:105:5)
    at async nodeRequest (file:///Users/adarsh/Documents/percy/web/rspace/node_modules/@wdio/browserstack-service/build/index.js:1215:22)
    at async Percy.healthcheck (file:///Users/adarsh/Documents/percy/web/rspace/node_modules/@wdio/browserstack-service/build/index.js:2917:20)
    at async Percy.start (file:///Users/adarsh/Documents/percy/web/rspace/node_modules/@wdio/browserstack-service/build/index.js:2951:27)
[90m2026-01-28T09:21:26.434Z[39m [32mDEBUG[39m [97m@wdio/browserstack-service[39m Error in firing request http://127.0.0.1:5338/percy/healthcheck: TypeError: fetch failed
    at node:internal/deps/undici/undici:13510:13
    at process.processTicksAndRejections (node:internal/process/task_queues:105:5)
    at async nodeRequest (file:///Users/adarsh/Documents/percy/web/rspace/node_modules/@wdio/browserstack-service/build/index.js:1215:22)
    at async Percy.healthcheck (file:///Users/adarsh/Documents/percy/web/rspace/node_modules/@wdio/browserstack-service/build/index.js:2917:20)
    at async Percy.start (file:///Users/adarsh/Documents/percy/web/rspace/node_modules/@wdio/browserstack-service/build/index.js:2951:27) {
  [cause]: Error: connect ECONNREFUSED 127.0.0.1:5338
      at TCPConnectWrap.afterConnect [as oncomplete] (node:net:1636:16) {
    errno: -61,
    code: 'ECONNREFUSED',
    syscall: 'connect',
    address: '127.0.0.1',
    port: 5338
  }
}
[90m2026-01-28T09:21:26.434Z[39m [32mDEBUG[39m [97m@wdio/browserstack-service[39m Failed to fire api request due to TypeError: fetch failed - TypeError: fetch failed
    at node:internal/deps/undici/undici:13510:13
    at process.processTicksAndRejections (node:internal/process/task_queues:105:5)
    at async nodeRequest (file:///Users/adarsh/Documents/percy/web/rspace/node_modules/@wdio/browserstack-service/build/index.js:1215:22)
    at async Percy.healthcheck (file:///Users/adarsh/Documents/percy/web/rspace/node_modules/@wdio/browserstack-service/build/index.js:2917:20)
    at async Percy.start (file:///Users/adarsh/Documents/percy/web/rspace/node_modules/@wdio/browserstack-service/build/index.js:2951:27)
[90m2026-01-28T09:21:27.437Z[39m [32mDEBUG[39m [97m@wdio/browserstack-service[39m Error in firing request http://127.0.0.1:5338/percy/healthcheck: TypeError: fetch failed
    at node:internal/deps/undici/undici:13510:13
    at process.processTicksAndRejections (node:internal/process/task_queues:105:5)
    at async nodeRequest (file:///Users/adarsh/Documents/percy/web/rspace/node_modules/@wdio/browserstack-service/build/index.js:1215:22)
    at async Percy.healthcheck (file:///Users/adarsh/Documents/percy/web/rspace/node_modules/@wdio/browserstack-service/build/index.js:2917:20)
    at async Percy.start (file:///Users/adarsh/Documents/percy/web/rspace/node_modules/@wdio/browserstack-service/build/index.js:2951:27) {
  [cause]: Error: connect ECONNREFUSED 127.0.0.1:5338
      at TCPConnectWrap.afterConnect [as oncomplete] (node:net:1636:16) {
    errno: -61,
    code: 'ECONNREFUSED',
    syscall: 'connect',
    address: '127.0.0.1',
    port: 5338
  }
}
[90m2026-01-28T09:21:27.437Z[39m [32mDEBUG[39m [97m@wdio/browserstack-service[39m Failed to fire api request due to TypeError: fetch failed - TypeError: fetch failed
    at node:internal/deps/undici/undici:13510:13
    at process.processTicksAndRejections (node:internal/process/task_queues:105:5)
    at async nodeRequest (file:///Users/adarsh/Documents/percy/web/rspace/node_modules/@wdio/browserstack-service/build/index.js:1215:22)
    at async Percy.healthcheck (file:///Users/adarsh/Documents/percy/web/rspace/node_modules/@wdio/browserstack-service/build/index.js:2917:20)
    at async Percy.start (file:///Users/adarsh/Documents/percy/web/rspace/node_modules/@wdio/browserstack-service/build/index.js:2951:27)
[90m2026-01-28T09:21:28.438Z[39m [32mDEBUG[39m [97m@wdio/browserstack-service[39m Error in firing request http://127.0.0.1:5338/percy/healthcheck: TypeError: fetch failed
    at node:internal/deps/undici/undici:13510:13
    at process.processTicksAndRejections (node:internal/process/task_queues:105:5)
    at async nodeRequest (file:///Users/adarsh/Documents/percy/web/rspace/node_modules/@wdio/browserstack-service/build/index.js:1215:22)
    at async Percy.healthcheck (file:///Users/adarsh/Documents/percy/web/rspace/node_modules/@wdio/browserstack-service/build/index.js:2917:20)
    at async Percy.start (file:///Users/adarsh/Documents/percy/web/rspace/node_modules/@wdio/browserstack-service/build/index.js:2951:27) {
  [cause]: Error: connect ECONNREFUSED 127.0.0.1:5338
      at TCPConnectWrap.afterConnect [as oncomplete] (node:net:1636:16) {
    errno: -61,
    code: 'ECONNREFUSED',
    syscall: 'connect',
    address: '127.0.0.1',
    port: 5338
  }
}
[90m2026-01-28T09:21:28.438Z[39m [32mDEBUG[39m [97m@wdio/browserstack-service[39m Failed to fire api request due to TypeError: fetch failed - TypeError: fetch failed
    at node:internal/deps/undici/undici:13510:13
    at process.processTicksAndRejections (node:internal/process/task_queues:105:5)
    at async nodeRequest (file:///Users/adarsh/Documents/percy/web/rspace/node_modules/@wdio/browserstack-service/build/index.js:1215:22)
    at async Percy.healthcheck (file:///Users/adarsh/Documents/percy/web/rspace/node_modules/@wdio/browserstack-service/build/index.js:2917:20)
    at async Percy.start (file:///Users/adarsh/Documents/percy/web/rspace/node_modules/@wdio/browserstack-service/build/index.js:2951:27)
[90m2026-01-28T09:21:29.441Z[39m [32mDEBUG[39m [97m@wdio/browserstack-service[39m Error in firing request http://127.0.0.1:5338/percy/healthcheck: TypeError: fetch failed
    at node:internal/deps/undici/undici:13510:13
    at process.processTicksAndRejections (node:internal/process/task_queues:105:5)
    at async nodeRequest (file:///Users/adarsh/Documents/percy/web/rspace/node_modules/@wdio/browserstack-service/build/index.js:1215:22)
    at async Percy.healthcheck (file:///Users/adarsh/Documents/percy/web/rspace/node_modules/@wdio/browserstack-service/build/index.js:2917:20)
    at async Percy.start (file:///Users/adarsh/Documents/percy/web/rspace/node_modules/@wdio/browserstack-service/build/index.js:2951:27) {
  [cause]: Error: connect ECONNREFUSED 127.0.0.1:5338
      at TCPConnectWrap.afterConnect [as oncomplete] (node:net:1636:16) {
    errno: -61,
    code: 'ECONNREFUSED',
    syscall: 'connect',
    address: '127.0.0.1',
    port: 5338
  }
}
[90m2026-01-28T09:21:29.441Z[39m [32mDEBUG[39m [97m@wdio/browserstack-service[39m Failed to fire api request due to TypeError: fetch failed - TypeError: fetch failed
    at node:internal/deps/undici/undici:13510:13
    at process.processTicksAndRejections (node:internal/process/task_queues:105:5)
    at async nodeRequest (file:///Users/adarsh/Documents/percy/web/rspace/node_modules/@wdio/browserstack-service/build/index.js:1215:22)
    at async Percy.healthcheck (file:///Users/adarsh/Documents/percy/web/rspace/node_modules/@wdio/browserstack-service/build/index.js:2917:20)
    at async Percy.start (file:///Users/adarsh/Documents/percy/web/rspace/node_modules/@wdio/browserstack-service/build/index.js:2951:27)
[90m2026-01-28T09:21:30.444Z[39m [32mDEBUG[39m [97m@wdio/browserstack-service[39m Error in firing request http://127.0.0.1:5338/percy/healthcheck: TypeError: fetch failed
    at node:internal/deps/undici/undici:13510:13
    at process.processTicksAndRejections (node:internal/process/task_queues:105:5)
    at async nodeRequest (file:///Users/adarsh/Documents/percy/web/rspace/node_modules/@wdio/browserstack-service/build/index.js:1215:22)
    at async Percy.healthcheck (file:///Users/adarsh/Documents/percy/web/rspace/node_modules/@wdio/browserstack-service/build/index.js:2917:20)
    at async Percy.start (file:///Users/adarsh/Documents/percy/web/rspace/node_modules/@wdio/browserstack-service/build/index.js:2951:27) {
  [cause]: Error: connect ECONNREFUSED 127.0.0.1:5338
      at TCPConnectWrap.afterConnect [as oncomplete] (node:net:1636:16) {
    errno: -61,
    code: 'ECONNREFUSED',
    syscall: 'connect',
    address: '127.0.0.1',
    port: 5338
  }
}
[90m2026-01-28T09:21:30.444Z[39m [32mDEBUG[39m [97m@wdio/browserstack-service[39m Failed to fire api request due to TypeError: fetch failed - TypeError: fetch failed
    at node:internal/deps/undici/undici:13510:13
    at process.processTicksAndRejections (node:internal/process/task_queues:105:5)
    at async nodeRequest (file:///Users/adarsh/Documents/percy/web/rspace/node_modules/@wdio/browserstack-service/build/index.js:1215:22)
    at async Percy.healthcheck (file:///Users/adarsh/Documents/percy/web/rspace/node_modules/@wdio/browserstack-service/build/index.js:2917:20)
    at async Percy.start (file:///Users/adarsh/Documents/percy/web/rspace/node_modules/@wdio/browserstack-service/build/index.js:2951:27)
[90m2026-01-28T09:21:31.446Z[39m [32mDEBUG[39m [97m@wdio/browserstack-service[39m Error in firing request http://127.0.0.1:5338/percy/healthcheck: TypeError: fetch failed
    at node:internal/deps/undici/undici:13510:13
    at process.processTicksAndRejections (node:internal/process/task_queues:105:5)
    at async nodeRequest (file:///Users/adarsh/Documents/percy/web/rspace/node_modules/@wdio/browserstack-service/build/index.js:1215:22)
    at async Percy.healthcheck (file:///Users/adarsh/Documents/percy/web/rspace/node_modules/@wdio/browserstack-service/build/index.js:2917:20)
    at async Percy.start (file:///Users/adarsh/Documents/percy/web/rspace/node_modules/@wdio/browserstack-service/build/index.js:2951:27) {
  [cause]: Error: connect ECONNREFUSED 127.0.0.1:5338
      at TCPConnectWrap.afterConnect [as oncomplete] (node:net:1636:16) {
    errno: -61,
    code: 'ECONNREFUSED',
    syscall: 'connect',
    address: '127.0.0.1',
    port: 5338
  }
}
[90m2026-01-28T09:21:31.447Z[39m [32mDEBUG[39m [97m@wdio/browserstack-service[39m Failed to fire api request due to TypeError: fetch failed - TypeError: fetch failed
    at node:internal/deps/undici/undici:13510:13
    at process.processTicksAndRejections (node:internal/process/task_queues:105:5)
    at async nodeRequest (file:///Users/adarsh/Documents/percy/web/rspace/node_modules/@wdio/browserstack-service/build/index.js:1215:22)
    at async Percy.healthcheck (file:///Users/adarsh/Documents/percy/web/rspace/node_modules/@wdio/browserstack-service/build/index.js:2917:20)
    at async Percy.start (file:///Users/adarsh/Documents/percy/web/rspace/node_modules/@wdio/browserstack-service/build/index.js:2951:27)
[90m2026-01-28T09:21:32.449Z[39m [32mDEBUG[39m [97m@wdio/browserstack-service[39m Error in firing request http://127.0.0.1:5338/percy/healthcheck: TypeError: fetch failed
    at node:internal/deps/undici/undici:13510:13
    at process.processTicksAndRejections (node:internal/process/task_queues:105:5)
    at async nodeRequest (file:///Users/adarsh/Documents/percy/web/rspace/node_modules/@wdio/browserstack-service/build/index.js:1215:22)
    at async Percy.healthcheck (file:///Users/adarsh/Documents/percy/web/rspace/node_modules/@wdio/browserstack-service/build/index.js:2917:20)
    at async Percy.start (file:///Users/adarsh/Documents/percy/web/rspace/node_modules/@wdio/browserstack-service/build/index.js:2951:27) {
  [cause]: Error: connect ECONNREFUSED 127.0.0.1:5338
      at TCPConnectWrap.afterConnect [as oncomplete] (node:net:1636:16) {
    errno: -61,
    code: 'ECONNREFUSED',
    syscall: 'connect',
    address: '127.0.0.1',
    port: 5338
  }
}
[90m2026-01-28T09:21:32.449Z[39m [32mDEBUG[39m [97m@wdio/browserstack-service[39m Failed to fire api request due to TypeError: fetch failed - TypeError: fetch failed
    at node:internal/deps/undici/undici:13510:13
    at process.processTicksAndRejections (node:internal/process/task_queues:105:5)
    at async nodeRequest (file:///Users/adarsh/Documents/percy/web/rspace/node_modules/@wdio/browserstack-service/build/index.js:1215:22)
    at async Percy.healthcheck (file:///Users/adarsh/Documents/percy/web/rspace/node_modules/@wdio/browserstack-service/build/index.js:2917:20)
    at async Percy.start (file:///Users/adarsh/Documents/percy/web/rspace/node_modules/@wdio/browserstack-service/build/index.js:2951:27)
[90m2026-01-28T09:21:33.451Z[39m [32mDEBUG[39m [97m@wdio/browserstack-service[39m Error in firing request http://127.0.0.1:5338/percy/healthcheck: TypeError: fetch failed
    at node:internal/deps/undici/undici:13510:13
    at process.processTicksAndRejections (node:internal/process/task_queues:105:5)
    at async nodeRequest (file:///Users/adarsh/Documents/percy/web/rspace/node_modules/@wdio/browserstack-service/build/index.js:1215:22)
    at async Percy.healthcheck (file:///Users/adarsh/Documents/percy/web/rspace/node_modules/@wdio/browserstack-service/build/index.js:2917:20)
    at async Percy.start (file:///Users/adarsh/Documents/percy/web/rspace/node_modules/@wdio/browserstack-service/build/index.js:2951:27) {
  [cause]: Error: connect ECONNREFUSED 127.0.0.1:5338
      at TCPConnectWrap.afterConnect [as oncomplete] (node:net:1636:16) {
    errno: -61,
    code: 'ECONNREFUSED',
    syscall: 'connect',
    address: '127.0.0.1',
    port: 5338
  }
}
[90m2026-01-28T09:21:33.451Z[39m [32mDEBUG[39m [97m@wdio/browserstack-service[39m Failed to fire api request due to TypeError: fetch failed - TypeError: fetch failed
    at node:internal/deps/undici/undici:13510:13
    at process.processTicksAndRejections (node:internal/process/task_queues:105:5)
    at async nodeRequest (file:///Users/adarsh/Documents/percy/web/rspace/node_modules/@wdio/browserstack-service/build/index.js:1215:22)
    at async Percy.healthcheck (file:///Users/adarsh/Documents/percy/web/rspace/node_modules/@wdio/browserstack-service/build/index.js:2917:20)
    at async Percy.start (file:///Users/adarsh/Documents/percy/web/rspace/node_modules/@wdio/browserstack-service/build/index.js:2951:27)
[90m2026-01-28T09:21:34.453Z[39m [32mDEBUG[39m [97m@wdio/browserstack-service[39m Error in firing request http://127.0.0.1:5338/percy/healthcheck: TypeError: fetch failed
    at node:internal/deps/undici/undici:13510:13
    at process.processTicksAndRejections (node:internal/process/task_queues:105:5)
    at async nodeRequest (file:///Users/adarsh/Documents/percy/web/rspace/node_modules/@wdio/browserstack-service/build/index.js:1215:22)
    at async Percy.healthcheck (file:///Users/adarsh/Documents/percy/web/rspace/node_modules/@wdio/browserstack-service/build/index.js:2917:20)
    at async Percy.start (file:///Users/adarsh/Documents/percy/web/rspace/node_modules/@wdio/browserstack-service/build/index.js:2951:27) {
  [cause]: Error: connect ECONNREFUSED 127.0.0.1:5338
      at TCPConnectWrap.afterConnect [as oncomplete] (node:net:1636:16) {
    errno: -61,
    code: 'ECONNREFUSED',
    syscall: 'connect',
    address: '127.0.0.1',
    port: 5338
  }
}
[90m2026-01-28T09:21:34.454Z[39m [32mDEBUG[39m [97m@wdio/browserstack-service[39m Failed to fire api request due to TypeError: fetch failed - TypeError: fetch failed
    at node:internal/deps/undici/undici:13510:13
    at process.processTicksAndRejections (node:internal/process/task_queues:105:5)
    at async nodeRequest (file:///Users/adarsh/Documents/percy/web/rspace/node_modules/@wdio/browserstack-service/build/index.js:1215:22)
    at async Percy.healthcheck (file:///Users/adarsh/Documents/percy/web/rspace/node_modules/@wdio/browserstack-service/build/index.js:2917:20)
    at async Percy.start (file:///Users/adarsh/Documents/percy/web/rspace/node_modules/@wdio/browserstack-service/build/index.js:2951:27)
[90m2026-01-28T09:21:35.455Z[39m [32mDEBUG[39m [97m@wdio/browserstack-service[39m Error in firing request http://127.0.0.1:5338/percy/healthcheck: TypeError: fetch failed
    at node:internal/deps/undici/undici:13510:13
    at process.processTicksAndRejections (node:internal/process/task_queues:105:5)
    at async nodeRequest (file:///Users/adarsh/Documents/percy/web/rspace/node_modules/@wdio/browserstack-service/build/index.js:1215:22)
    at async Percy.healthcheck (file:///Users/adarsh/Documents/percy/web/rspace/node_modules/@wdio/browserstack-service/build/index.js:2917:20)
    at async Percy.start (file:///Users/adarsh/Documents/percy/web/rspace/node_modules/@wdio/browserstack-service/build/index.js:2951:27) {
  [cause]: Error: connect ECONNREFUSED 127.0.0.1:5338
      at TCPConnectWrap.afterConnect [as oncomplete] (node:net:1636:16) {
    errno: -61,
    code: 'ECONNREFUSED',
    syscall: 'connect',
    address: '127.0.0.1',
    port: 5338
  }
}
[90m2026-01-28T09:21:35.456Z[39m [32mDEBUG[39m [97m@wdio/browserstack-service[39m Failed to fire api request due to TypeError: fetch failed - TypeError: fetch failed
    at node:internal/deps/undici/undici:13510:13
    at process.processTicksAndRejections (node:internal/process/task_queues:105:5)
    at async nodeRequest (file:///Users/adarsh/Documents/percy/web/rspace/node_modules/@wdio/browserstack-service/build/index.js:1215:22)
    at async Percy.healthcheck (file:///Users/adarsh/Documents/percy/web/rspace/node_modules/@wdio/browserstack-service/build/index.js:2917:20)
    at async Percy.start (file:///Users/adarsh/Documents/percy/web/rspace/node_modules/@wdio/browserstack-service/build/index.js:2951:27)
[90m2026-01-28T09:21:36.460Z[39m [32mDEBUG[39m [97m@wdio/browserstack-service[39m Error in firing request http://127.0.0.1:5338/percy/healthcheck: TypeError: fetch failed
    at node:internal/deps/undici/undici:13510:13
    at process.processTicksAndRejections (node:internal/process/task_queues:105:5)
    at async nodeRequest (file:///Users/adarsh/Documents/percy/web/rspace/node_modules/@wdio/browserstack-service/build/index.js:1215:22)
    at async Percy.healthcheck (file:///Users/adarsh/Documents/percy/web/rspace/node_modules/@wdio/browserstack-service/build/index.js:2917:20)
    at async Percy.start (file:///Users/adarsh/Documents/percy/web/rspace/node_modules/@wdio/browserstack-service/build/index.js:2951:27) {
  [cause]: Error: connect ECONNREFUSED 127.0.0.1:5338
      at TCPConnectWrap.afterConnect [as oncomplete] (node:net:1636:16) {
    errno: -61,
    code: 'ECONNREFUSED',
    syscall: 'connect',
    address: '127.0.0.1',
    port: 5338
  }
}
[90m2026-01-28T09:21:36.460Z[39m [32mDEBUG[39m [97m@wdio/browserstack-service[39m Failed to fire api request due to TypeError: fetch failed - TypeError: fetch failed
    at node:internal/deps/undici/undici:13510:13
    at process.processTicksAndRejections (node:internal/process/task_queues:105:5)
    at async nodeRequest (file:///Users/adarsh/Documents/percy/web/rspace/node_modules/@wdio/browserstack-service/build/index.js:1215:22)
    at async Percy.healthcheck (file:///Users/adarsh/Documents/percy/web/rspace/node_modules/@wdio/browserstack-service/build/index.js:2917:20)
    at async Percy.start (file:///Users/adarsh/Documents/percy/web/rspace/node_modules/@wdio/browserstack-service/build/index.js:2951:27)
[90m2026-01-28T09:21:37.461Z[39m [32mDEBUG[39m [97m@wdio/browserstack-service[39m Error in firing request http://127.0.0.1:5338/percy/healthcheck: TypeError: fetch failed
    at node:internal/deps/undici/undici:13510:13
    at process.processTicksAndRejections (node:internal/process/task_queues:105:5)
    at async nodeRequest (file:///Users/adarsh/Documents/percy/web/rspace/node_modules/@wdio/browserstack-service/build/index.js:1215:22)
    at async Percy.healthcheck (file:///Users/adarsh/Documents/percy/web/rspace/node_modules/@wdio/browserstack-service/build/index.js:2917:20)
    at async Percy.start (file:///Users/adarsh/Documents/percy/web/rspace/node_modules/@wdio/browserstack-service/build/index.js:2951:27) {
  [cause]: Error: connect ECONNREFUSED 127.0.0.1:5338
      at TCPConnectWrap.afterConnect [as oncomplete] (node:net:1636:16) {
    errno: -61,
    code: 'ECONNREFUSED',
    syscall: 'connect',
    address: '127.0.0.1',
    port: 5338
  }
}
[90m2026-01-28T09:21:37.461Z[39m [32mDEBUG[39m [97m@wdio/browserstack-service[39m Failed to fire api request due to TypeError: fetch failed - TypeError: fetch failed
    at node:internal/deps/undici/undici:13510:13
    at process.processTicksAndRejections (node:internal/process/task_queues:105:5)
    at async nodeRequest (file:///Users/adarsh/Documents/percy/web/rspace/node_modules/@wdio/browserstack-service/build/index.js:1215:22)
    at async Percy.healthcheck (file:///Users/adarsh/Documents/percy/web/rspace/node_modules/@wdio/browserstack-service/build/index.js:2917:20)
    at async Percy.start (file:///Users/adarsh/Documents/percy/web/rspace/node_modules/@wdio/browserstack-service/build/index.js:2951:27)
[90m2026-01-28T09:21:38.463Z[39m [32mDEBUG[39m [97m@wdio/browserstack-service[39m Error in firing request http://127.0.0.1:5338/percy/healthcheck: TypeError: fetch failed
    at node:internal/deps/undici/undici:13510:13
    at process.processTicksAndRejections (node:internal/process/task_queues:105:5)
    at async nodeRequest (file:///Users/adarsh/Documents/percy/web/rspace/node_modules/@wdio/browserstack-service/build/index.js:1215:22)
    at async Percy.healthcheck (file:///Users/adarsh/Documents/percy/web/rspace/node_modules/@wdio/browserstack-service/build/index.js:2917:20)
    at async Percy.start (file:///Users/adarsh/Documents/percy/web/rspace/node_modules/@wdio/browserstack-service/build/index.js:2951:27) {
  [cause]: Error: connect ECONNREFUSED 127.0.0.1:5338
      at TCPConnectWrap.afterConnect [as oncomplete] (node:net:1636:16) {
    errno: -61,
    code: 'ECONNREFUSED',
    syscall: 'connect',
    address: '127.0.0.1',
    port: 5338
  }
}
[90m2026-01-28T09:21:38.463Z[39m [32mDEBUG[39m [97m@wdio/browserstack-service[39m Failed to fire api request due to TypeError: fetch failed - TypeError: fetch failed
    at node:internal/deps/undici/undici:13510:13
    at process.processTicksAndRejections (node:internal/process/task_queues:105:5)
    at async nodeRequest (file:///Users/adarsh/Documents/percy/web/rspace/node_modules/@wdio/browserstack-service/build/index.js:1215:22)
    at async Percy.healthcheck (file:///Users/adarsh/Documents/percy/web/rspace/node_modules/@wdio/browserstack-service/build/index.js:2917:20)
    at async Percy.start (file:///Users/adarsh/Documents/percy/web/rspace/node_modules/@wdio/browserstack-service/build/index.js:2951:27)
[90m2026-01-28T09:21:39.464Z[39m [32mDEBUG[39m [97m@wdio/browserstack-service[39m Error in firing request http://127.0.0.1:5338/percy/healthcheck: TypeError: fetch failed
    at node:internal/deps/undici/undici:13510:13
    at process.processTicksAndRejections (node:internal/process/task_queues:105:5)
    at async nodeRequest (file:///Users/adarsh/Documents/percy/web/rspace/node_modules/@wdio/browserstack-service/build/index.js:1215:22)
    at async Percy.healthcheck (file:///Users/adarsh/Documents/percy/web/rspace/node_modules/@wdio/browserstack-service/build/index.js:2917:20)
    at async Percy.start (file:///Users/adarsh/Documents/percy/web/rspace/node_modules/@wdio/browserstack-service/build/index.js:2951:27) {
  [cause]: Error: connect ECONNREFUSED 127.0.0.1:5338
      at TCPConnectWrap.afterConnect [as oncomplete] (node:net:1636:16) {
    errno: -61,
    code: 'ECONNREFUSED',
    syscall: 'connect',
    address: '127.0.0.1',
    port: 5338
  }
}
[90m2026-01-28T09:21:39.464Z[39m [32mDEBUG[39m [97m@wdio/browserstack-service[39m Failed to fire api request due to TypeError: fetch failed - TypeError: fetch failed
    at node:internal/deps/undici/undici:13510:13
    at process.processTicksAndRejections (node:internal/process/task_queues:105:5)
    at async nodeRequest (file:///Users/adarsh/Documents/percy/web/rspace/node_modules/@wdio/browserstack-service/build/index.js:1215:22)
    at async Percy.healthcheck (file:///Users/adarsh/Documents/percy/web/rspace/node_modules/@wdio/browserstack-service/build/index.js:2917:20)
    at async Percy.start (file:///Users/adarsh/Documents/percy/web/rspace/node_modules/@wdio/browserstack-service/build/index.js:2951:27)
[90m2026-01-28T09:21:40.465Z[39m [32mDEBUG[39m [97m@wdio/browserstack-service[39m Error in firing request http://127.0.0.1:5338/percy/healthcheck: TypeError: fetch failed
    at node:internal/deps/undici/undici:13510:13
    at process.processTicksAndRejections (node:internal/process/task_queues:105:5)
    at async nodeRequest (file:///Users/adarsh/Documents/percy/web/rspace/node_modules/@wdio/browserstack-service/build/index.js:1215:22)
    at async Percy.healthcheck (file:///Users/adarsh/Documents/percy/web/rspace/node_modules/@wdio/browserstack-service/build/index.js:2917:20)
    at async Percy.start (file:///Users/adarsh/Documents/percy/web/rspace/node_modules/@wdio/browserstack-service/build/index.js:2951:27) {
  [cause]: Error: connect ECONNREFUSED 127.0.0.1:5338
      at TCPConnectWrap.afterConnect [as oncomplete] (node:net:1636:16) {
    errno: -61,
    code: 'ECONNREFUSED',
    syscall: 'connect',
    address: '127.0.0.1',
    port: 5338
  }
}
[90m2026-01-28T09:21:40.465Z[39m [32mDEBUG[39m [97m@wdio/browserstack-service[39m Failed to fire api request due to TypeError: fetch failed - TypeError: fetch failed
    at node:internal/deps/undici/undici:13510:13
    at process.processTicksAndRejections (node:internal/process/task_queues:105:5)
    at async nodeRequest (file:///Users/adarsh/Documents/percy/web/rspace/node_modules/@wdio/browserstack-service/build/index.js:1215:22)
    at async Percy.healthcheck (file:///Users/adarsh/Documents/percy/web/rspace/node_modules/@wdio/browserstack-service/build/index.js:2917:20)
    at async Percy.start (file:///Users/adarsh/Documents/percy/web/rspace/node_modules/@wdio/browserstack-service/build/index.js:2951:27)
[90m2026-01-28T09:21:41.466Z[39m [32mDEBUG[39m [97m@wdio/browserstack-service[39m Error in firing request http://127.0.0.1:5338/percy/healthcheck: TypeError: fetch failed
    at node:internal/deps/undici/undici:13510:13
    at process.processTicksAndRejections (node:internal/process/task_queues:105:5)
    at async nodeRequest (file:///Users/adarsh/Documents/percy/web/rspace/node_modules/@wdio/browserstack-service/build/index.js:1215:22)
    at async Percy.healthcheck (file:///Users/adarsh/Documents/percy/web/rspace/node_modules/@wdio/browserstack-service/build/index.js:2917:20)
    at async Percy.start (file:///Users/adarsh/Documents/percy/web/rspace/node_modules/@wdio/browserstack-service/build/index.js:2951:27) {
  [cause]: Error: connect ECONNREFUSED 127.0.0.1:5338
      at TCPConnectWrap.afterConnect [as oncomplete] (node:net:1636:16) {
    errno: -61,
    code: 'ECONNREFUSED',
    syscall: 'connect',
    address: '127.0.0.1',
    port: 5338
  }
}
[90m2026-01-28T09:21:41.466Z[39m [32mDEBUG[39m [97m@wdio/browserstack-service[39m Failed to fire api request due to TypeError: fetch failed - TypeError: fetch failed
    at node:internal/deps/undici/undici:13510:13
    at process.processTicksAndRejections (node:internal/process/task_queues:105:5)
    at async nodeRequest (file:///Users/adarsh/Documents/percy/web/rspace/node_modules/@wdio/browserstack-service/build/index.js:1215:22)
    at async Percy.healthcheck (file:///Users/adarsh/Documents/percy/web/rspace/node_modules/@wdio/browserstack-service/build/index.js:2917:20)
    at async Percy.start (file:///Users/adarsh/Documents/percy/web/rspace/node_modules/@wdio/browserstack-service/build/index.js:2951:27)
[90m2026-01-28T09:21:42.467Z[39m [32mDEBUG[39m [97m@wdio/browserstack-service[39m Error in firing request http://127.0.0.1:5338/percy/healthcheck: TypeError: fetch failed
    at node:internal/deps/undici/undici:13510:13
    at process.processTicksAndRejections (node:internal/process/task_queues:105:5)
    at async nodeRequest (file:///Users/adarsh/Documents/percy/web/rspace/node_modules/@wdio/browserstack-service/build/index.js:1215:22)
    at async Percy.healthcheck (file:///Users/adarsh/Documents/percy/web/rspace/node_modules/@wdio/browserstack-service/build/index.js:2917:20)
    at async Percy.start (file:///Users/adarsh/Documents/percy/web/rspace/node_modules/@wdio/browserstack-service/build/index.js:2951:27) {
  [cause]: Error: connect ECONNREFUSED 127.0.0.1:5338
      at TCPConnectWrap.afterConnect [as oncomplete] (node:net:1636:16) {
    errno: -61,
    code: 'ECONNREFUSED',
    syscall: 'connect',
    address: '127.0.0.1',
    port: 5338
  }
}
[90m2026-01-28T09:21:42.467Z[39m [32mDEBUG[39m [97m@wdio/browserstack-service[39m Failed to fire api request due to TypeError: fetch failed - TypeError: fetch failed
    at node:internal/deps/undici/undici:13510:13
    at process.processTicksAndRejections (node:internal/process/task_queues:105:5)
    at async nodeRequest (file:///Users/adarsh/Documents/percy/web/rspace/node_modules/@wdio/browserstack-service/build/index.js:1215:22)
    at async Percy.healthcheck (file:///Users/adarsh/Documents/percy/web/rspace/node_modules/@wdio/browserstack-service/build/index.js:2917:20)
    at async Percy.start (file:///Users/adarsh/Documents/percy/web/rspace/node_modules/@wdio/browserstack-service/build/index.js:2951:27)
[90m2026-01-28T09:21:43.470Z[39m [32mDEBUG[39m [97m@wdio/browserstack-service[39m Error in firing request http://127.0.0.1:5338/percy/healthcheck: TypeError: fetch failed
    at node:internal/deps/undici/undici:13510:13
    at process.processTicksAndRejections (node:internal/process/task_queues:105:5)
    at async nodeRequest (file:///Users/adarsh/Documents/percy/web/rspace/node_modules/@wdio/browserstack-service/build/index.js:1215:22)
    at async Percy.healthcheck (file:///Users/adarsh/Documents/percy/web/rspace/node_modules/@wdio/browserstack-service/build/index.js:2917:20)
    at async Percy.start (file:///Users/adarsh/Documents/percy/web/rspace/node_modules/@wdio/browserstack-service/build/index.js:2951:27) {
  [cause]: Error: connect ECONNREFUSED 127.0.0.1:5338
      at TCPConnectWrap.afterConnect [as oncomplete] (node:net:1636:16) {
    errno: -61,
    code: 'ECONNREFUSED',
    syscall: 'connect',
    address: '127.0.0.1',
    port: 5338
  }
}
[90m2026-01-28T09:21:43.470Z[39m [32mDEBUG[39m [97m@wdio/browserstack-service[39m Failed to fire api request due to TypeError: fetch failed - TypeError: fetch failed
    at node:internal/deps/undici/undici:13510:13
    at process.processTicksAndRejections (node:internal/process/task_queues:105:5)
    at async nodeRequest (file:///Users/adarsh/Documents/percy/web/rspace/node_modules/@wdio/browserstack-service/build/index.js:1215:22)
    at async Percy.healthcheck (file:///Users/adarsh/Documents/percy/web/rspace/node_modules/@wdio/browserstack-service/build/index.js:2917:20)
    at async Percy.start (file:///Users/adarsh/Documents/percy/web/rspace/node_modules/@wdio/browserstack-service/build/index.js:2951:27)
[90m2026-01-28T09:21:44.473Z[39m [32mDEBUG[39m [97m@wdio/browserstack-service[39m Error in firing request http://127.0.0.1:5338/percy/healthcheck: TypeError: fetch failed
    at node:internal/deps/undici/undici:13510:13
    at process.processTicksAndRejections (node:internal/process/task_queues:105:5)
    at async nodeRequest (file:///Users/adarsh/Documents/percy/web/rspace/node_modules/@wdio/browserstack-service/build/index.js:1215:22)
    at async Percy.healthcheck (file:///Users/adarsh/Documents/percy/web/rspace/node_modules/@wdio/browserstack-service/build/index.js:2917:20)
    at async Percy.start (file:///Users/adarsh/Documents/percy/web/rspace/node_modules/@wdio/browserstack-service/build/index.js:2951:27) {
  [cause]: Error: connect ECONNREFUSED 127.0.0.1:5338
      at TCPConnectWrap.afterConnect [as oncomplete] (node:net:1636:16) {
    errno: -61,
    code: 'ECONNREFUSED',
    syscall: 'connect',
    address: '127.0.0.1',
    port: 5338
  }
}
[90m2026-01-28T09:21:44.473Z[39m [32mDEBUG[39m [97m@wdio/browserstack-service[39m Failed to fire api request due to TypeError: fetch failed - TypeError: fetch failed
    at node:internal/deps/undici/undici:13510:13
    at process.processTicksAndRejections (node:internal/process/task_queues:105:5)
    at async nodeRequest (file:///Users/adarsh/Documents/percy/web/rspace/node_modules/@wdio/browserstack-service/build/index.js:1215:22)
    at async Percy.healthcheck (file:///Users/adarsh/Documents/percy/web/rspace/node_modules/@wdio/browserstack-service/build/index.js:2917:20)
    at async Percy.start (file:///Users/adarsh/Documents/percy/web/rspace/node_modules/@wdio/browserstack-service/build/index.js:2951:27)
[90m2026-01-28T09:21:45.476Z[39m [32mDEBUG[39m [97m@wdio/browserstack-service[39m Error in firing request http://127.0.0.1:5338/percy/healthcheck: TypeError: fetch failed
    at node:internal/deps/undici/undici:13510:13
    at process.processTicksAndRejections (node:internal/process/task_queues:105:5)
    at async nodeRequest (file:///Users/adarsh/Documents/percy/web/rspace/node_modules/@wdio/browserstack-service/build/index.js:1215:22)
    at async Percy.healthcheck (file:///Users/adarsh/Documents/percy/web/rspace/node_modules/@wdio/browserstack-service/build/index.js:2917:20)
    at async Percy.start (file:///Users/adarsh/Documents/percy/web/rspace/node_modules/@wdio/browserstack-service/build/index.js:2951:27) {
  [cause]: Error: connect ECONNREFUSED 127.0.0.1:5338
      at TCPConnectWrap.afterConnect [as oncomplete] (node:net:1636:16) {
    errno: -61,
    code: 'ECONNREFUSED',
    syscall: 'connect',
    address: '127.0.0.1',
    port: 5338
  }
}
[90m2026-01-28T09:21:45.476Z[39m [32mDEBUG[39m [97m@wdio/browserstack-service[39m Failed to fire api request due to TypeError: fetch failed - TypeError: fetch failed
    at node:internal/deps/undici/undici:13510:13
    at process.processTicksAndRejections (node:internal/process/task_queues:105:5)
    at async nodeRequest (file:///Users/adarsh/Documents/percy/web/rspace/node_modules/@wdio/browserstack-service/build/index.js:1215:22)
    at async Percy.healthcheck (file:///Users/adarsh/Documents/percy/web/rspace/node_modules/@wdio/browserstack-service/build/index.js:2917:20)
    at async Percy.start (file:///Users/adarsh/Documents/percy/web/rspace/node_modules/@wdio/browserstack-service/build/index.js:2951:27)
[90m2026-01-28T09:21:46.477Z[39m [32mDEBUG[39m [97m@wdio/browserstack-service[39m Error in firing request http://127.0.0.1:5338/percy/healthcheck: TypeError: fetch failed
    at node:internal/deps/undici/undici:13510:13
    at process.processTicksAndRejections (node:internal/process/task_queues:105:5)
    at async nodeRequest (file:///Users/adarsh/Documents/percy/web/rspace/node_modules/@wdio/browserstack-service/build/index.js:1215:22)
    at async Percy.healthcheck (file:///Users/adarsh/Documents/percy/web/rspace/node_modules/@wdio/browserstack-service/build/index.js:2917:20)
    at async Percy.start (file:///Users/adarsh/Documents/percy/web/rspace/node_modules/@wdio/browserstack-service/build/index.js:2951:27) {
  [cause]: Error: connect ECONNREFUSED 127.0.0.1:5338
      at TCPConnectWrap.afterConnect [as oncomplete] (node:net:1636:16) {
    errno: -61,
    code: 'ECONNREFUSED',
    syscall: 'connect',
    address: '127.0.0.1',
    port: 5338
  }
}
[90m2026-01-28T09:21:46.477Z[39m [32mDEBUG[39m [97m@wdio/browserstack-service[39m Failed to fire api request due to TypeError: fetch failed - TypeError: fetch failed
    at node:internal/deps/undici/undici:13510:13
    at process.processTicksAndRejections (node:internal/process/task_queues:105:5)
    at async nodeRequest (file:///Users/adarsh/Documents/percy/web/rspace/node_modules/@wdio/browserstack-service/build/index.js:1215:22)
    at async Percy.healthcheck (file:///Users/adarsh/Documents/percy/web/rspace/node_modules/@wdio/browserstack-service/build/index.js:2917:20)
    at async Percy.start (file:///Users/adarsh/Documents/percy/web/rspace/node_modules/@wdio/browserstack-service/build/index.js:2951:27)
[90m2026-01-28T09:21:47.478Z[39m [32mDEBUG[39m [97m@wdio/browserstack-service[39m Error in firing request http://127.0.0.1:5338/percy/healthcheck: TypeError: fetch failed
    at node:internal/deps/undici/undici:13510:13
    at process.processTicksAndRejections (node:internal/process/task_queues:105:5)
    at async nodeRequest (file:///Users/adarsh/Documents/percy/web/rspace/node_modules/@wdio/browserstack-service/build/index.js:1215:22)
    at async Percy.healthcheck (file:///Users/adarsh/Documents/percy/web/rspace/node_modules/@wdio/browserstack-service/build/index.js:2917:20)
    at async Percy.start (file:///Users/adarsh/Documents/percy/web/rspace/node_modules/@wdio/browserstack-service/build/index.js:2951:27) {
  [cause]: Error: connect ECONNREFUSED 127.0.0.1:5338
      at TCPConnectWrap.afterConnect [as oncomplete] (node:net:1636:16) {
    errno: -61,
    code: 'ECONNREFUSED',
    syscall: 'connect',
    address: '127.0.0.1',
    port: 5338
  }
}
[90m2026-01-28T09:21:47.478Z[39m [32mDEBUG[39m [97m@wdio/browserstack-service[39m Failed to fire api request due to TypeError: fetch failed - TypeError: fetch failed
    at node:internal/deps/undici/undici:13510:13
    at process.processTicksAndRejections (node:internal/process/task_queues:105:5)
    at async nodeRequest (file:///Users/adarsh/Documents/percy/web/rspace/node_modules/@wdio/browserstack-service/build/index.js:1215:22)
    at async Percy.healthcheck (file:///Users/adarsh/Documents/percy/web/rspace/node_modules/@wdio/browserstack-service/build/index.js:2917:20)
    at async Percy.start (file:///Users/adarsh/Documents/percy/web/rspace/node_modules/@wdio/browserstack-service/build/index.js:2951:27)
[90m2026-01-28T09:21:48.480Z[39m [32mDEBUG[39m [97m@wdio/browserstack-service[39m Error in firing request http://127.0.0.1:5338/percy/healthcheck: TypeError: fetch failed
    at node:internal/deps/undici/undici:13510:13
    at process.processTicksAndRejections (node:internal/process/task_queues:105:5)
    at async nodeRequest (file:///Users/adarsh/Documents/percy/web/rspace/node_modules/@wdio/browserstack-service/build/index.js:1215:22)
    at async Percy.healthcheck (file:///Users/adarsh/Documents/percy/web/rspace/node_modules/@wdio/browserstack-service/build/index.js:2917:20)
    at async Percy.start (file:///Users/adarsh/Documents/percy/web/rspace/node_modules/@wdio/browserstack-service/build/index.js:2951:27) {
  [cause]: Error: connect ECONNREFUSED 127.0.0.1:5338
      at TCPConnectWrap.afterConnect [as oncomplete] (node:net:1636:16) {
    errno: -61,
    code: 'ECONNREFUSED',
    syscall: 'connect',
    address: '127.0.0.1',
    port: 5338
  }
}
[90m2026-01-28T09:21:48.480Z[39m [32mDEBUG[39m [97m@wdio/browserstack-service[39m Failed to fire api request due to TypeError: fetch failed - TypeError: fetch failed
    at node:internal/deps/undici/undici:13510:13
    at process.processTicksAndRejections (node:internal/process/task_queues:105:5)
    at async nodeRequest (file:///Users/adarsh/Documents/percy/web/rspace/node_modules/@wdio/browserstack-service/build/index.js:1215:22)
    at async Percy.healthcheck (file:///Users/adarsh/Documents/percy/web/rspace/node_modules/@wdio/browserstack-service/build/index.js:2917:20)
    at async Percy.start (file:///Users/adarsh/Documents/percy/web/rspace/node_modules/@wdio/browserstack-service/build/index.js:2951:27)
[90m2026-01-28T09:21:49.482Z[39m [32mDEBUG[39m [97m@wdio/browserstack-service[39m Error in firing request http://127.0.0.1:5338/percy/healthcheck: TypeError: fetch failed
    at node:internal/deps/undici/undici:13510:13
    at process.processTicksAndRejections (node:internal/process/task_queues:105:5)
    at async nodeRequest (file:///Users/adarsh/Documents/percy/web/rspace/node_modules/@wdio/browserstack-service/build/index.js:1215:22)
    at async Percy.healthcheck (file:///Users/adarsh/Documents/percy/web/rspace/node_modules/@wdio/browserstack-service/build/index.js:2917:20)
    at async Percy.start (file:///Users/adarsh/Documents/percy/web/rspace/node_modules/@wdio/browserstack-service/build/index.js:2951:27) {
  [cause]: Error: connect ECONNREFUSED 127.0.0.1:5338
      at TCPConnectWrap.afterConnect [as oncomplete] (node:net:1636:16) {
    errno: -61,
    code: 'ECONNREFUSED',
    syscall: 'connect',
    address: '127.0.0.1',
    port: 5338
  }
}
[90m2026-01-28T09:21:49.482Z[39m [32mDEBUG[39m [97m@wdio/browserstack-service[39m Failed to fire api request due to TypeError: fetch failed - TypeError: fetch failed
    at node:internal/deps/undici/undici:13510:13
    at process.processTicksAndRejections (node:internal/process/task_queues:105:5)
    at async nodeRequest (file:///Users/adarsh/Documents/percy/web/rspace/node_modules/@wdio/browserstack-service/build/index.js:1215:22)
    at async Percy.healthcheck (file:///Users/adarsh/Documents/percy/web/rspace/node_modules/@wdio/browserstack-service/build/index.js:2917:20)
    at async Percy.start (file:///Users/adarsh/Documents/percy/web/rspace/node_modules/@wdio/browserstack-service/build/index.js:2951:27)
[90m2026-01-28T09:21:50.484Z[39m [32mDEBUG[39m [97m@wdio/browserstack-service[39m Error in firing request http://127.0.0.1:5338/percy/healthcheck: TypeError: fetch failed
    at node:internal/deps/undici/undici:13510:13
    at process.processTicksAndRejections (node:internal/process/task_queues:105:5)
    at async nodeRequest (file:///Users/adarsh/Documents/percy/web/rspace/node_modules/@wdio/browserstack-service/build/index.js:1215:22)
    at async Percy.healthcheck (file:///Users/adarsh/Documents/percy/web/rspace/node_modules/@wdio/browserstack-service/build/index.js:2917:20)
    at async Percy.start (file:///Users/adarsh/Documents/percy/web/rspace/node_modules/@wdio/browserstack-service/build/index.js:2951:27) {
  [cause]: Error: connect ECONNREFUSED 127.0.0.1:5338
      at TCPConnectWrap.afterConnect [as oncomplete] (node:net:1636:16) {
    errno: -61,
    code: 'ECONNREFUSED',
    syscall: 'connect',
    address: '127.0.0.1',
    port: 5338
  }
}
[90m2026-01-28T09:21:50.484Z[39m [32mDEBUG[39m [97m@wdio/browserstack-service[39m Failed to fire api request due to TypeError: fetch failed - TypeError: fetch failed
    at node:internal/deps/undici/undici:13510:13
    at process.processTicksAndRejections (node:internal/process/task_queues:105:5)
    at async nodeRequest (file:///Users/adarsh/Documents/percy/web/rspace/node_modules/@wdio/browserstack-service/build/index.js:1215:22)
    at async Percy.healthcheck (file:///Users/adarsh/Documents/percy/web/rspace/node_modules/@wdio/browserstack-service/build/index.js:2917:20)
    at async Percy.start (file:///Users/adarsh/Documents/percy/web/rspace/node_modules/@wdio/browserstack-service/build/index.js:2951:27)
[90m2026-01-28T09:21:51.486Z[39m [32mDEBUG[39m [97m@wdio/browserstack-service[39m Error in firing request http://127.0.0.1:5338/percy/healthcheck: TypeError: fetch failed
    at node:internal/deps/undici/undici:13510:13
    at process.processTicksAndRejections (node:internal/process/task_queues:105:5)
    at async nodeRequest (file:///Users/adarsh/Documents/percy/web/rspace/node_modules/@wdio/browserstack-service/build/index.js:1215:22)
    at async Percy.healthcheck (file:///Users/adarsh/Documents/percy/web/rspace/node_modules/@wdio/browserstack-service/build/index.js:2917:20)
    at async Percy.start (file:///Users/adarsh/Documents/percy/web/rspace/node_modules/@wdio/browserstack-service/build/index.js:2951:27) {
  [cause]: Error: connect ECONNREFUSED 127.0.0.1:5338
      at TCPConnectWrap.afterConnect [as oncomplete] (node:net:1636:16) {
    errno: -61,
    code: 'ECONNREFUSED',
    syscall: 'connect',
    address: '127.0.0.1',
    port: 5338
  }
}
[90m2026-01-28T09:21:51.486Z[39m [32mDEBUG[39m [97m@wdio/browserstack-service[39m Failed to fire api request due to TypeError: fetch failed - TypeError: fetch failed
    at node:internal/deps/undici/undici:13510:13
    at process.processTicksAndRejections (node:internal/process/task_queues:105:5)
    at async nodeRequest (file:///Users/adarsh/Documents/percy/web/rspace/node_modules/@wdio/browserstack-service/build/index.js:1215:22)
    at async Percy.healthcheck (file:///Users/adarsh/Documents/percy/web/rspace/node_modules/@wdio/browserstack-service/build/index.js:2917:20)
    at async Percy.start (file:///Users/adarsh/Documents/percy/web/rspace/node_modules/@wdio/browserstack-service/build/index.js:2951:27)
[90m2026-01-28T09:21:52.488Z[39m [32mDEBUG[39m [97m@wdio/browserstack-service[39m Error in firing request http://127.0.0.1:5338/percy/healthcheck: TypeError: fetch failed
    at node:internal/deps/undici/undici:13510:13
    at process.processTicksAndRejections (node:internal/process/task_queues:105:5)
    at async nodeRequest (file:///Users/adarsh/Documents/percy/web/rspace/node_modules/@wdio/browserstack-service/build/index.js:1215:22)
    at async Percy.healthcheck (file:///Users/adarsh/Documents/percy/web/rspace/node_modules/@wdio/browserstack-service/build/index.js:2917:20)
    at async Percy.start (file:///Users/adarsh/Documents/percy/web/rspace/node_modules/@wdio/browserstack-service/build/index.js:2951:27) {
  [cause]: Error: connect ECONNREFUSED 127.0.0.1:5338
      at TCPConnectWrap.afterConnect [as oncomplete] (node:net:1636:16) {
    errno: -61,
    code: 'ECONNREFUSED',
    syscall: 'connect',
    address: '127.0.0.1',
    port: 5338
  }
}
[90m2026-01-28T09:21:52.488Z[39m [32mDEBUG[39m [97m@wdio/browserstack-service[39m Failed to fire api request due to TypeError: fetch failed - TypeError: fetch failed
    at node:internal/deps/undici/undici:13510:13
    at process.processTicksAndRejections (node:internal/process/task_queues:105:5)
    at async nodeRequest (file:///Users/adarsh/Documents/percy/web/rspace/node_modules/@wdio/browserstack-service/build/index.js:1215:22)
    at async Percy.healthcheck (file:///Users/adarsh/Documents/percy/web/rspace/node_modules/@wdio/browserstack-service/build/index.js:2917:20)
    at async Percy.start (file:///Users/adarsh/Documents/percy/web/rspace/node_modules/@wdio/browserstack-service/build/index.js:2951:27)
[90m2026-01-28T09:21:53.490Z[39m [32mDEBUG[39m [97m@wdio/browserstack-service[39m Error in firing request http://127.0.0.1:5338/percy/healthcheck: TypeError: fetch failed
    at node:internal/deps/undici/undici:13510:13
    at process.processTicksAndRejections (node:internal/process/task_queues:105:5)
    at async nodeRequest (file:///Users/adarsh/Documents/percy/web/rspace/node_modules/@wdio/browserstack-service/build/index.js:1215:22)
    at async Percy.healthcheck (file:///Users/adarsh/Documents/percy/web/rspace/node_modules/@wdio/browserstack-service/build/index.js:2917:20)
    at async Percy.start (file:///Users/adarsh/Documents/percy/web/rspace/node_modules/@wdio/browserstack-service/build/index.js:2951:27) {
  [cause]: Error: connect ECONNREFUSED 127.0.0.1:5338
      at TCPConnectWrap.afterConnect [as oncomplete] (node:net:1636:16) {
    errno: -61,
    code: 'ECONNREFUSED',
    syscall: 'connect',
    address: '127.0.0.1',
    port: 5338
  }
}
[90m2026-01-28T09:21:53.490Z[39m [32mDEBUG[39m [97m@wdio/browserstack-service[39m Failed to fire api request due to TypeError: fetch failed - TypeError: fetch failed
    at node:internal/deps/undici/undici:13510:13
    at process.processTicksAndRejections (node:internal/process/task_queues:105:5)
    at async nodeRequest (file:///Users/adarsh/Documents/percy/web/rspace/node_modules/@wdio/browserstack-service/build/index.js:1215:22)
    at async Percy.healthcheck (file:///Users/adarsh/Documents/percy/web/rspace/node_modules/@wdio/browserstack-service/build/index.js:2917:20)
    at async Percy.start (file:///Users/adarsh/Documents/percy/web/rspace/node_modules/@wdio/browserstack-service/build/index.js:2951:27)
[90m2026-01-28T09:21:54.491Z[39m [32mDEBUG[39m [97m@wdio/browserstack-service[39m Error in firing request http://127.0.0.1:5338/percy/healthcheck: TypeError: fetch failed
    at node:internal/deps/undici/undici:13510:13
    at process.processTicksAndRejections (node:internal/process/task_queues:105:5)
    at async nodeRequest (file:///Users/adarsh/Documents/percy/web/rspace/node_modules/@wdio/browserstack-service/build/index.js:1215:22)
    at async Percy.healthcheck (file:///Users/adarsh/Documents/percy/web/rspace/node_modules/@wdio/browserstack-service/build/index.js:2917:20)
    at async Percy.start (file:///Users/adarsh/Documents/percy/web/rspace/node_modules/@wdio/browserstack-service/build/index.js:2951:27) {
  [cause]: Error: connect ECONNREFUSED 127.0.0.1:5338
      at TCPConnectWrap.afterConnect [as oncomplete] (node:net:1636:16) {
    errno: -61,
    code: 'ECONNREFUSED',
    syscall: 'connect',
    address: '127.0.0.1',
    port: 5338
  }
}
[90m2026-01-28T09:21:54.492Z[39m [32mDEBUG[39m [97m@wdio/browserstack-service[39m Failed to fire api request due to TypeError: fetch failed - TypeError: fetch failed
    at node:internal/deps/undici/undici:13510:13
    at process.processTicksAndRejections (node:internal/process/task_queues:105:5)
    at async nodeRequest (file:///Users/adarsh/Documents/percy/web/rspace/node_modules/@wdio/browserstack-service/build/index.js:1215:22)
    at async Percy.healthcheck (file:///Users/adarsh/Documents/percy/web/rspace/node_modules/@wdio/browserstack-service/build/index.js:2917:20)
    at async Percy.start (file:///Users/adarsh/Documents/percy/web/rspace/node_modules/@wdio/browserstack-service/build/index.js:2951:27)
[90m2026-01-28T09:21:55.493Z[39m [32mDEBUG[39m [97m@wdio/browserstack-service[39m Error in firing request http://127.0.0.1:5338/percy/healthcheck: TypeError: fetch failed
    at node:internal/deps/undici/undici:13510:13
    at process.processTicksAndRejections (node:internal/process/task_queues:105:5)
    at async nodeRequest (file:///Users/adarsh/Documents/percy/web/rspace/node_modules/@wdio/browserstack-service/build/index.js:1215:22)
    at async Percy.healthcheck (file:///Users/adarsh/Documents/percy/web/rspace/node_modules/@wdio/browserstack-service/build/index.js:2917:20)
    at async Percy.start (file:///Users/adarsh/Documents/percy/web/rspace/node_modules/@wdio/browserstack-service/build/index.js:2951:27) {
  [cause]: Error: connect ECONNREFUSED 127.0.0.1:5338
      at TCPConnectWrap.afterConnect [as oncomplete] (node:net:1636:16) {
    errno: -61,
    code: 'ECONNREFUSED',
    syscall: 'connect',
    address: '127.0.0.1',
    port: 5338
  }
}
[90m2026-01-28T09:21:55.493Z[39m [32mDEBUG[39m [97m@wdio/browserstack-service[39m Failed to fire api request due to TypeError: fetch failed - TypeError: fetch failed
    at node:internal/deps/undici/undici:13510:13
    at process.processTicksAndRejections (node:internal/process/task_queues:105:5)
    at async nodeRequest (file:///Users/adarsh/Documents/percy/web/rspace/node_modules/@wdio/browserstack-service/build/index.js:1215:22)
    at async Percy.healthcheck (file:///Users/adarsh/Documents/percy/web/rspace/node_modules/@wdio/browserstack-service/build/index.js:2917:20)
    at async Percy.start (file:///Users/adarsh/Documents/percy/web/rspace/node_modules/@wdio/browserstack-service/build/index.js:2951:27)
[90m2026-01-28T09:21:56.496Z[39m [32mDEBUG[39m [97m@wdio/browserstack-service[39m Error in firing request http://127.0.0.1:5338/percy/healthcheck: TypeError: fetch failed
    at node:internal/deps/undici/undici:13510:13
    at process.processTicksAndRejections (node:internal/process/task_queues:105:5)
    at async nodeRequest (file:///Users/adarsh/Documents/percy/web/rspace/node_modules/@wdio/browserstack-service/build/index.js:1215:22)
    at async Percy.healthcheck (file:///Users/adarsh/Documents/percy/web/rspace/node_modules/@wdio/browserstack-service/build/index.js:2917:20)
    at async Percy.start (file:///Users/adarsh/Documents/percy/web/rspace/node_modules/@wdio/browserstack-service/build/index.js:2951:27) {
  [cause]: Error: connect ECONNREFUSED 127.0.0.1:5338
      at TCPConnectWrap.afterConnect [as oncomplete] (node:net:1636:16) {
    errno: -61,
    code: 'ECONNREFUSED',
    syscall: 'connect',
    address: '127.0.0.1',
    port: 5338
  }
}
[90m2026-01-28T09:21:56.496Z[39m [32mDEBUG[39m [97m@wdio/browserstack-service[39m Failed to fire api request due to TypeError: fetch failed - TypeError: fetch failed
    at node:internal/deps/undici/undici:13510:13
    at process.processTicksAndRejections (node:internal/process/task_queues:105:5)
    at async nodeRequest (file:///Users/adarsh/Documents/percy/web/rspace/node_modules/@wdio/browserstack-service/build/index.js:1215:22)
    at async Percy.healthcheck (file:///Users/adarsh/Documents/percy/web/rspace/node_modules/@wdio/browserstack-service/build/index.js:2917:20)
    at async Percy.start (file:///Users/adarsh/Documents/percy/web/rspace/node_modules/@wdio/browserstack-service/build/index.js:2951:27)
[90m2026-01-28T09:21:57.498Z[39m [32mDEBUG[39m [97m@wdio/browserstack-service[39m Error in firing request http://127.0.0.1:5338/percy/healthcheck: TypeError: fetch failed
    at node:internal/deps/undici/undici:13510:13
    at process.processTicksAndRejections (node:internal/process/task_queues:105:5)
    at async nodeRequest (file:///Users/adarsh/Documents/percy/web/rspace/node_modules/@wdio/browserstack-service/build/index.js:1215:22)
    at async Percy.healthcheck (file:///Users/adarsh/Documents/percy/web/rspace/node_modules/@wdio/browserstack-service/build/index.js:2917:20)
    at async Percy.start (file:///Users/adarsh/Documents/percy/web/rspace/node_modules/@wdio/browserstack-service/build/index.js:2951:27) {
  [cause]: Error: connect ECONNREFUSED 127.0.0.1:5338
      at TCPConnectWrap.afterConnect [as oncomplete] (node:net:1636:16) {
    errno: -61,
    code: 'ECONNREFUSED',
    syscall: 'connect',
    address: '127.0.0.1',
    port: 5338
  }
}
[90m2026-01-28T09:21:57.498Z[39m [32mDEBUG[39m [97m@wdio/browserstack-service[39m Failed to fire api request due to TypeError: fetch failed - TypeError: fetch failed
    at node:internal/deps/undici/undici:13510:13
    at process.processTicksAndRejections (node:internal/process/task_queues:105:5)
    at async nodeRequest (file:///Users/adarsh/Documents/percy/web/rspace/node_modules/@wdio/browserstack-service/build/index.js:1215:22)
    at async Percy.healthcheck (file:///Users/adarsh/Documents/percy/web/rspace/node_modules/@wdio/browserstack-service/build/index.js:2917:20)
    at async Percy.start (file:///Users/adarsh/Documents/percy/web/rspace/node_modules/@wdio/browserstack-service/build/index.js:2951:27)
[90m2026-01-28T09:21:58.502Z[39m [32mDEBUG[39m [97m@wdio/browserstack-service[39m Error in firing request http://127.0.0.1:5338/percy/healthcheck: TypeError: fetch failed
    at node:internal/deps/undici/undici:13510:13
    at process.processTicksAndRejections (node:internal/process/task_queues:105:5)
    at async nodeRequest (file:///Users/adarsh/Documents/percy/web/rspace/node_modules/@wdio/browserstack-service/build/index.js:1215:22)
    at async Percy.healthcheck (file:///Users/adarsh/Documents/percy/web/rspace/node_modules/@wdio/browserstack-service/build/index.js:2917:20)
    at async Percy.start (file:///Users/adarsh/Documents/percy/web/rspace/node_modules/@wdio/browserstack-service/build/index.js:2951:27) {
  [cause]: Error: connect ECONNREFUSED 127.0.0.1:5338
      at TCPConnectWrap.afterConnect [as oncomplete] (node:net:1636:16) {
    errno: -61,
    code: 'ECONNREFUSED',
    syscall: 'connect',
    address: '127.0.0.1',
    port: 5338
  }
}
[90m2026-01-28T09:21:58.502Z[39m [32mDEBUG[39m [97m@wdio/browserstack-service[39m Failed to fire api request due to TypeError: fetch failed - TypeError: fetch failed
    at node:internal/deps/undici/undici:13510:13
    at process.processTicksAndRejections (node:internal/process/task_queues:105:5)
    at async nodeRequest (file:///Users/adarsh/Documents/percy/web/rspace/node_modules/@wdio/browserstack-service/build/index.js:1215:22)
    at async Percy.healthcheck (file:///Users/adarsh/Documents/percy/web/rspace/node_modules/@wdio/browserstack-service/build/index.js:2917:20)
    at async Percy.start (file:///Users/adarsh/Documents/percy/web/rspace/node_modules/@wdio/browserstack-service/build/index.js:2951:27)
[90m2026-01-28T09:21:59.508Z[39m [32mDEBUG[39m [97m@wdio/browserstack-service[39m Error in firing request http://127.0.0.1:5338/percy/healthcheck: TypeError: fetch failed
    at node:internal/deps/undici/undici:13510:13
    at process.processTicksAndRejections (node:internal/process/task_queues:105:5)
    at async nodeRequest (file:///Users/adarsh/Documents/percy/web/rspace/node_modules/@wdio/browserstack-service/build/index.js:1215:22)
    at async Percy.healthcheck (file:///Users/adarsh/Documents/percy/web/rspace/node_modules/@wdio/browserstack-service/build/index.js:2917:20)
    at async Percy.start (file:///Users/adarsh/Documents/percy/web/rspace/node_modules/@wdio/browserstack-service/build/index.js:2951:27) {
  [cause]: Error: connect ECONNREFUSED 127.0.0.1:5338
      at TCPConnectWrap.afterConnect [as oncomplete] (node:net:1636:16) {
    errno: -61,
    code: 'ECONNREFUSED',
    syscall: 'connect',
    address: '127.0.0.1',
    port: 5338
  }
}
[90m2026-01-28T09:21:59.508Z[39m [32mDEBUG[39m [97m@wdio/browserstack-service[39m Failed to fire api request due to TypeError: fetch failed - TypeError: fetch failed
    at node:internal/deps/undici/undici:13510:13
    at process.processTicksAndRejections (node:internal/process/task_queues:105:5)
    at async nodeRequest (file:///Users/adarsh/Documents/percy/web/rspace/node_modules/@wdio/browserstack-service/build/index.js:1215:22)
    at async Percy.healthcheck (file:///Users/adarsh/Documents/percy/web/rspace/node_modules/@wdio/browserstack-service/build/index.js:2917:20)
    at async Percy.start (file:///Users/adarsh/Documents/percy/web/rspace/node_modules/@wdio/browserstack-service/build/index.js:2951:27)
[90m2026-01-28T09:22:00.511Z[39m [32mDEBUG[39m [97m@wdio/browserstack-service[39m Error in firing request http://127.0.0.1:5338/percy/healthcheck: TypeError: fetch failed
    at node:internal/deps/undici/undici:13510:13
    at process.processTicksAndRejections (node:internal/process/task_queues:105:5)
    at async nodeRequest (file:///Users/adarsh/Documents/percy/web/rspace/node_modules/@wdio/browserstack-service/build/index.js:1215:22)
    at async Percy.healthcheck (file:///Users/adarsh/Documents/percy/web/rspace/node_modules/@wdio/browserstack-service/build/index.js:2917:20)
    at async Percy.start (file:///Users/adarsh/Documents/percy/web/rspace/node_modules/@wdio/browserstack-service/build/index.js:2951:27) {
  [cause]: Error: connect ECONNREFUSED 127.0.0.1:5338
      at TCPConnectWrap.afterConnect [as oncomplete] (node:net:1636:16) {
    errno: -61,
    code: 'ECONNREFUSED',
    syscall: 'connect',
    address: '127.0.0.1',
    port: 5338
  }
}
[90m2026-01-28T09:22:00.511Z[39m [32mDEBUG[39m [97m@wdio/browserstack-service[39m Failed to fire api request due to TypeError: fetch failed - TypeError: fetch failed
    at node:internal/deps/undici/undici:13510:13
    at process.processTicksAndRejections (node:internal/process/task_queues:105:5)
    at async nodeRequest (file:///Users/adarsh/Documents/percy/web/rspace/node_modules/@wdio/browserstack-service/build/index.js:1215:22)
    at async Percy.healthcheck (file:///Users/adarsh/Documents/percy/web/rspace/node_modules/@wdio/browserstack-service/build/index.js:2917:20)
    at async Percy.start (file:///Users/adarsh/Documents/percy/web/rspace/node_modules/@wdio/browserstack-service/build/index.js:2951:27)
[90m2026-01-28T09:22:01.513Z[39m [32mDEBUG[39m [97m@wdio/browserstack-service[39m Error in firing request http://127.0.0.1:5338/percy/healthcheck: TypeError: fetch failed
    at node:internal/deps/undici/undici:13510:13
    at process.processTicksAndRejections (node:internal/process/task_queues:105:5)
    at async nodeRequest (file:///Users/adarsh/Documents/percy/web/rspace/node_modules/@wdio/browserstack-service/build/index.js:1215:22)
    at async Percy.healthcheck (file:///Users/adarsh/Documents/percy/web/rspace/node_modules/@wdio/browserstack-service/build/index.js:2917:20)
    at async Percy.start (file:///Users/adarsh/Documents/percy/web/rspace/node_modules/@wdio/browserstack-service/build/index.js:2951:27) {
  [cause]: Error: connect ECONNREFUSED 127.0.0.1:5338
      at TCPConnectWrap.afterConnect [as oncomplete] (node:net:1636:16) {
    errno: -61,
    code: 'ECONNREFUSED',
    syscall: 'connect',
    address: '127.0.0.1',
    port: 5338
  }
}
[90m2026-01-28T09:22:01.513Z[39m [32mDEBUG[39m [97m@wdio/browserstack-service[39m Failed to fire api request due to TypeError: fetch failed - TypeError: fetch failed
    at node:internal/deps/undici/undici:13510:13
    at process.processTicksAndRejections (node:internal/process/task_queues:105:5)
    at async nodeRequest (file:///Users/adarsh/Documents/percy/web/rspace/node_modules/@wdio/browserstack-service/build/index.js:1215:22)
    at async Percy.healthcheck (file:///Users/adarsh/Documents/percy/web/rspace/node_modules/@wdio/browserstack-service/build/index.js:2917:20)
    at async Percy.start (file:///Users/adarsh/Documents/percy/web/rspace/node_modules/@wdio/browserstack-service/build/index.js:2951:27)
[90m2026-01-28T09:22:02.516Z[39m [32mDEBUG[39m [97m@wdio/browserstack-service[39m Error in firing request http://127.0.0.1:5338/percy/healthcheck: TypeError: fetch failed
    at node:internal/deps/undici/undici:13510:13
    at process.processTicksAndRejections (node:internal/process/task_queues:105:5)
    at async nodeRequest (file:///Users/adarsh/Documents/percy/web/rspace/node_modules/@wdio/browserstack-service/build/index.js:1215:22)
    at async Percy.healthcheck (file:///Users/adarsh/Documents/percy/web/rspace/node_modules/@wdio/browserstack-service/build/index.js:2917:20)
    at async Percy.start (file:///Users/adarsh/Documents/percy/web/rspace/node_modules/@wdio/browserstack-service/build/index.js:2951:27) {
  [cause]: Error: connect ECONNREFUSED 127.0.0.1:5338
      at TCPConnectWrap.afterConnect [as oncomplete] (node:net:1636:16) {
    errno: -61,
    code: 'ECONNREFUSED',
    syscall: 'connect',
    address: '127.0.0.1',
    port: 5338
  }
}
[90m2026-01-28T09:22:02.516Z[39m [32mDEBUG[39m [97m@wdio/browserstack-service[39m Failed to fire api request due to TypeError: fetch failed - TypeError: fetch failed
    at node:internal/deps/undici/undici:13510:13
    at process.processTicksAndRejections (node:internal/process/task_queues:105:5)
    at async nodeRequest (file:///Users/adarsh/Documents/percy/web/rspace/node_modules/@wdio/browserstack-service/build/index.js:1215:22)
    at async Percy.healthcheck (file:///Users/adarsh/Documents/percy/web/rspace/node_modules/@wdio/browserstack-service/build/index.js:2917:20)
    at async Percy.start (file:///Users/adarsh/Documents/percy/web/rspace/node_modules/@wdio/browserstack-service/build/index.js:2951:27)
[90m2026-01-28T09:22:03.521Z[39m [32mDEBUG[39m [97m@wdio/browserstack-service[39m Error in firing request http://127.0.0.1:5338/percy/healthcheck: TypeError: fetch failed
    at node:internal/deps/undici/undici:13510:13
    at process.processTicksAndRejections (node:internal/process/task_queues:105:5)
    at async nodeRequest (file:///Users/adarsh/Documents/percy/web/rspace/node_modules/@wdio/browserstack-service/build/index.js:1215:22)
    at async Percy.healthcheck (file:///Users/adarsh/Documents/percy/web/rspace/node_modules/@wdio/browserstack-service/build/index.js:2917:20)
    at async Percy.start (file:///Users/adarsh/Documents/percy/web/rspace/node_modules/@wdio/browserstack-service/build/index.js:2951:27) {
  [cause]: Error: connect ECONNREFUSED 127.0.0.1:5338
      at TCPConnectWrap.afterConnect [as oncomplete] (node:net:1636:16) {
    errno: -61,
    code: 'ECONNREFUSED',
    syscall: 'connect',
    address: '127.0.0.1',
    port: 5338
  }
}
[90m2026-01-28T09:22:03.521Z[39m [32mDEBUG[39m [97m@wdio/browserstack-service[39m Failed to fire api request due to TypeError: fetch failed - TypeError: fetch failed
    at node:internal/deps/undici/undici:13510:13
    at process.processTicksAndRejections (node:internal/process/task_queues:105:5)
    at async nodeRequest (file:///Users/adarsh/Documents/percy/web/rspace/node_modules/@wdio/browserstack-service/build/index.js:1215:22)
    at async Percy.healthcheck (file:///Users/adarsh/Documents/percy/web/rspace/node_modules/@wdio/browserstack-service/build/index.js:2917:20)
    at async Percy.start (file:///Users/adarsh/Documents/percy/web/rspace/node_modules/@wdio/browserstack-service/build/index.js:2951:27)
[90m2026-01-28T09:22:04.523Z[39m [32mDEBUG[39m [97m@wdio/browserstack-service[39m Error in firing request http://127.0.0.1:5338/percy/healthcheck: TypeError: fetch failed
    at node:internal/deps/undici/undici:13510:13
    at process.processTicksAndRejections (node:internal/process/task_queues:105:5)
    at async nodeRequest (file:///Users/adarsh/Documents/percy/web/rspace/node_modules/@wdio/browserstack-service/build/index.js:1215:22)
    at async Percy.healthcheck (file:///Users/adarsh/Documents/percy/web/rspace/node_modules/@wdio/browserstack-service/build/index.js:2917:20)
    at async Percy.start (file:///Users/adarsh/Documents/percy/web/rspace/node_modules/@wdio/browserstack-service/build/index.js:2951:27) {
  [cause]: Error: connect ECONNREFUSED 127.0.0.1:5338
      at TCPConnectWrap.afterConnect [as oncomplete] (node:net:1636:16) {
    errno: -61,
    code: 'ECONNREFUSED',
    syscall: 'connect',
    address: '127.0.0.1',
    port: 5338
  }
}
[90m2026-01-28T09:22:04.523Z[39m [32mDEBUG[39m [97m@wdio/browserstack-service[39m Failed to fire api request due to TypeError: fetch failed - TypeError: fetch failed
    at node:internal/deps/undici/undici:13510:13
    at process.processTicksAndRejections (node:internal/process/task_queues:105:5)
    at async nodeRequest (file:///Users/adarsh/Documents/percy/web/rspace/node_modules/@wdio/browserstack-service/build/index.js:1215:22)
    at async Percy.healthcheck (file:///Users/adarsh/Documents/percy/web/rspace/node_modules/@wdio/browserstack-service/build/index.js:2917:20)
    at async Percy.start (file:///Users/adarsh/Documents/percy/web/rspace/node_modules/@wdio/browserstack-service/build/index.js:2951:27)
[90m2026-01-28T09:22:05.525Z[39m [32mDEBUG[39m [97m@wdio/browserstack-service[39m Error in firing request http://127.0.0.1:5338/percy/healthcheck: TypeError: fetch failed
    at node:internal/deps/undici/undici:13510:13
    at process.processTicksAndRejections (node:internal/process/task_queues:105:5)
    at async nodeRequest (file:///Users/adarsh/Documents/percy/web/rspace/node_modules/@wdio/browserstack-service/build/index.js:1215:22)
    at async Percy.healthcheck (file:///Users/adarsh/Documents/percy/web/rspace/node_modules/@wdio/browserstack-service/build/index.js:2917:20)
    at async Percy.start (file:///Users/adarsh/Documents/percy/web/rspace/node_modules/@wdio/browserstack-service/build/index.js:2951:27) {
  [cause]: Error: connect ECONNREFUSED 127.0.0.1:5338
      at TCPConnectWrap.afterConnect [as oncomplete] (node:net:1636:16) {
    errno: -61,
    code: 'ECONNREFUSED',
    syscall: 'connect',
    address: '127.0.0.1',
    port: 5338
  }
}
[90m2026-01-28T09:22:05.525Z[39m [32mDEBUG[39m [97m@wdio/browserstack-service[39m Failed to fire api request due to TypeError: fetch failed - TypeError: fetch failed
    at node:internal/deps/undici/undici:13510:13
    at process.processTicksAndRejections (node:internal/process/task_queues:105:5)
    at async nodeRequest (file:///Users/adarsh/Documents/percy/web/rspace/node_modules/@wdio/browserstack-service/build/index.js:1215:22)
    at async Percy.healthcheck (file:///Users/adarsh/Documents/percy/web/rspace/node_modules/@wdio/browserstack-service/build/index.js:2917:20)
    at async Percy.start (file:///Users/adarsh/Documents/percy/web/rspace/node_modules/@wdio/browserstack-service/build/index.js:2951:27)
[90m2026-01-28T09:22:06.526Z[39m [32mDEBUG[39m [97m@wdio/browserstack-service[39m Error in firing request http://127.0.0.1:5338/percy/healthcheck: TypeError: fetch failed
    at node:internal/deps/undici/undici:13510:13
    at process.processTicksAndRejections (node:internal/process/task_queues:105:5)
    at async nodeRequest (file:///Users/adarsh/Documents/percy/web/rspace/node_modules/@wdio/browserstack-service/build/index.js:1215:22)
    at async Percy.healthcheck (file:///Users/adarsh/Documents/percy/web/rspace/node_modules/@wdio/browserstack-service/build/index.js:2917:20)
    at async Percy.start (file:///Users/adarsh/Documents/percy/web/rspace/node_modules/@wdio/browserstack-service/build/index.js:2951:27) {
  [cause]: Error: connect ECONNREFUSED 127.0.0.1:5338
      at TCPConnectWrap.afterConnect [as oncomplete] (node:net:1636:16) {
    errno: -61,
    code: 'ECONNREFUSED',
    syscall: 'connect',
    address: '127.0.0.1',
    port: 5338
  }
}
[90m2026-01-28T09:22:06.526Z[39m [32mDEBUG[39m [97m@wdio/browserstack-service[39m Failed to fire api request due to TypeError: fetch failed - TypeError: fetch failed
    at node:internal/deps/undici/undici:13510:13
    at process.processTicksAndRejections (node:internal/process/task_queues:105:5)
    at async nodeRequest (file:///Users/adarsh/Documents/percy/web/rspace/node_modules/@wdio/browserstack-service/build/index.js:1215:22)
    at async Percy.healthcheck (file:///Users/adarsh/Documents/percy/web/rspace/node_modules/@wdio/browserstack-service/build/index.js:2917:20)
    at async Percy.start (file:///Users/adarsh/Documents/percy/web/rspace/node_modules/@wdio/browserstack-service/build/index.js:2951:27)
[90m2026-01-28T09:22:07.527Z[39m [32mDEBUG[39m [97m@wdio/browserstack-service[39m Error in firing request http://127.0.0.1:5338/percy/healthcheck: TypeError: fetch failed
    at node:internal/deps/undici/undici:13510:13
    at process.processTicksAndRejections (node:internal/process/task_queues:105:5)
    at async nodeRequest (file:///Users/adarsh/Documents/percy/web/rspace/node_modules/@wdio/browserstack-service/build/index.js:1215:22)
    at async Percy.healthcheck (file:///Users/adarsh/Documents/percy/web/rspace/node_modules/@wdio/browserstack-service/build/index.js:2917:20)
    at async Percy.start (file:///Users/adarsh/Documents/percy/web/rspace/node_modules/@wdio/browserstack-service/build/index.js:2951:27) {
  [cause]: Error: connect ECONNREFUSED 127.0.0.1:5338
      at TCPConnectWrap.afterConnect [as oncomplete] (node:net:1636:16) {
    errno: -61,
    code: 'ECONNREFUSED',
    syscall: 'connect',
    address: '127.0.0.1',
    port: 5338
  }
}
[90m2026-01-28T09:22:07.528Z[39m [32mDEBUG[39m [97m@wdio/browserstack-service[39m Failed to fire api request due to TypeError: fetch failed - TypeError: fetch failed
    at node:internal/deps/undici/undici:13510:13
    at process.processTicksAndRejections (node:internal/process/task_queues:105:5)
    at async nodeRequest (file:///Users/adarsh/Documents/percy/web/rspace/node_modules/@wdio/browserstack-service/build/index.js:1215:22)
    at async Percy.healthcheck (file:///Users/adarsh/Documents/percy/web/rspace/node_modules/@wdio/browserstack-service/build/index.js:2917:20)
    at async Percy.start (file:///Users/adarsh/Documents/percy/web/rspace/node_modules/@wdio/browserstack-service/build/index.js:2951:27)
[90m2026-01-28T09:22:08.529Z[39m [32mDEBUG[39m [97m@wdio/browserstack-service[39m Error in firing request http://127.0.0.1:5338/percy/healthcheck: TypeError: fetch failed
    at node:internal/deps/undici/undici:13510:13
    at process.processTicksAndRejections (node:internal/process/task_queues:105:5)
    at async nodeRequest (file:///Users/adarsh/Documents/percy/web/rspace/node_modules/@wdio/browserstack-service/build/index.js:1215:22)
    at async Percy.healthcheck (file:///Users/adarsh/Documents/percy/web/rspace/node_modules/@wdio/browserstack-service/build/index.js:2917:20)
    at async Percy.start (file:///Users/adarsh/Documents/percy/web/rspace/node_modules/@wdio/browserstack-service/build/index.js:2951:27) {
  [cause]: Error: connect ECONNREFUSED 127.0.0.1:5338
      at TCPConnectWrap.afterConnect [as oncomplete] (node:net:1636:16) {
    errno: -61,
    code: 'ECONNREFUSED',
    syscall: 'connect',
    address: '127.0.0.1',
    port: 5338
  }
}
[90m2026-01-28T09:22:08.529Z[39m [32mDEBUG[39m [97m@wdio/browserstack-service[39m Failed to fire api request due to TypeError: fetch failed - TypeError: fetch failed
    at node:internal/deps/undici/undici:13510:13
    at process.processTicksAndRejections (node:internal/process/task_queues:105:5)
    at async nodeRequest (file:///Users/adarsh/Documents/percy/web/rspace/node_modules/@wdio/browserstack-service/build/index.js:1215:22)
    at async Percy.healthcheck (file:///Users/adarsh/Documents/percy/web/rspace/node_modules/@wdio/browserstack-service/build/index.js:2917:20)
    at async Percy.start (file:///Users/adarsh/Documents/percy/web/rspace/node_modules/@wdio/browserstack-service/build/index.js:2951:27)
[90m2026-01-28T09:22:09.533Z[39m [32mDEBUG[39m [97m@wdio/browserstack-service[39m Error in firing request http://127.0.0.1:5338/percy/healthcheck: TypeError: fetch failed
    at node:internal/deps/undici/undici:13510:13
    at process.processTicksAndRejections (node:internal/process/task_queues:105:5)
    at async nodeRequest (file:///Users/adarsh/Documents/percy/web/rspace/node_modules/@wdio/browserstack-service/build/index.js:1215:22)
    at async Percy.healthcheck (file:///Users/adarsh/Documents/percy/web/rspace/node_modules/@wdio/browserstack-service/build/index.js:2917:20)
    at async Percy.start (file:///Users/adarsh/Documents/percy/web/rspace/node_modules/@wdio/browserstack-service/build/index.js:2951:27) {
  [cause]: Error: connect ECONNREFUSED 127.0.0.1:5338
      at TCPConnectWrap.afterConnect [as oncomplete] (node:net:1636:16) {
    errno: -61,
    code: 'ECONNREFUSED',
    syscall: 'connect',
    address: '127.0.0.1',
    port: 5338
  }
}
[90m2026-01-28T09:22:09.533Z[39m [32mDEBUG[39m [97m@wdio/browserstack-service[39m Failed to fire api request due to TypeError: fetch failed - TypeError: fetch failed
    at node:internal/deps/undici/undici:13510:13
    at process.processTicksAndRejections (node:internal/process/task_queues:105:5)
    at async nodeRequest (file:///Users/adarsh/Documents/percy/web/rspace/node_modules/@wdio/browserstack-service/build/index.js:1215:22)
    at async Percy.healthcheck (file:///Users/adarsh/Documents/percy/web/rspace/node_modules/@wdio/browserstack-service/build/index.js:2917:20)
    at async Percy.start (file:///Users/adarsh/Documents/percy/web/rspace/node_modules/@wdio/browserstack-service/build/index.js:2951:27)
[90m2026-01-28T09:22:10.534Z[39m [32mDEBUG[39m [97m@wdio/browserstack-service[39m Error in firing request http://127.0.0.1:5338/percy/healthcheck: TypeError: fetch failed
    at node:internal/deps/undici/undici:13510:13
    at process.processTicksAndRejections (node:internal/process/task_queues:105:5)
    at async nodeRequest (file:///Users/adarsh/Documents/percy/web/rspace/node_modules/@wdio/browserstack-service/build/index.js:1215:22)
    at async Percy.healthcheck (file:///Users/adarsh/Documents/percy/web/rspace/node_modules/@wdio/browserstack-service/build/index.js:2917:20)
    at async Percy.start (file:///Users/adarsh/Documents/percy/web/rspace/node_modules/@wdio/browserstack-service/build/index.js:2951:27) {
  [cause]: Error: connect ECONNREFUSED 127.0.0.1:5338
      at TCPConnectWrap.afterConnect [as oncomplete] (node:net:1636:16) {
    errno: -61,
    code: 'ECONNREFUSED',
    syscall: 'connect',
    address: '127.0.0.1',
    port: 5338
  }
}
[90m2026-01-28T09:22:10.534Z[39m [32mDEBUG[39m [97m@wdio/browserstack-service[39m Failed to fire api request due to TypeError: fetch failed - TypeError: fetch failed
    at node:internal/deps/undici/undici:13510:13
    at process.processTicksAndRejections (node:internal/process/task_queues:105:5)
    at async nodeRequest (file:///Users/adarsh/Documents/percy/web/rspace/node_modules/@wdio/browserstack-service/build/index.js:1215:22)
    at async Percy.healthcheck (file:///Users/adarsh/Documents/percy/web/rspace/node_modules/@wdio/browserstack-service/build/index.js:2917:20)
    at async Percy.start (file:///Users/adarsh/Documents/percy/web/rspace/node_modules/@wdio/browserstack-service/build/index.js:2951:27)
[90m2026-01-28T09:22:11.536Z[39m [32mDEBUG[39m [97m@wdio/browserstack-service[39m Error in firing request http://127.0.0.1:5338/percy/healthcheck: TypeError: fetch failed
    at node:internal/deps/undici/undici:13510:13
    at process.processTicksAndRejections (node:internal/process/task_queues:105:5)
    at async nodeRequest (file:///Users/adarsh/Documents/percy/web/rspace/node_modules/@wdio/browserstack-service/build/index.js:1215:22)
    at async Percy.healthcheck (file:///Users/adarsh/Documents/percy/web/rspace/node_modules/@wdio/browserstack-service/build/index.js:2917:20)
    at async Percy.start (file:///Users/adarsh/Documents/percy/web/rspace/node_modules/@wdio/browserstack-service/build/index.js:2951:27) {
  [cause]: Error: connect ECONNREFUSED 127.0.0.1:5338
      at TCPConnectWrap.afterConnect [as oncomplete] (node:net:1636:16) {
    errno: -61,
    code: 'ECONNREFUSED',
    syscall: 'connect',
    address: '127.0.0.1',
    port: 5338
  }
}
[90m2026-01-28T09:22:11.536Z[39m [32mDEBUG[39m [97m@wdio/browserstack-service[39m Failed to fire api request due to TypeError: fetch failed - TypeError: fetch failed
    at node:internal/deps/undici/undici:13510:13
    at process.processTicksAndRejections (node:internal/process/task_queues:105:5)
    at async nodeRequest (file:///Users/adarsh/Documents/percy/web/rspace/node_modules/@wdio/browserstack-service/build/index.js:1215:22)
    at async Percy.healthcheck (file:///Users/adarsh/Documents/percy/web/rspace/node_modules/@wdio/browserstack-service/build/index.js:2917:20)
    at async Percy.start (file:///Users/adarsh/Documents/percy/web/rspace/node_modules/@wdio/browserstack-service/build/index.js:2951:27)
[90m2026-01-28T09:22:12.540Z[39m [32mDEBUG[39m [97m@wdio/browserstack-service[39m Error in firing request http://127.0.0.1:5338/percy/healthcheck: TypeError: fetch failed
    at node:internal/deps/undici/undici:13510:13
    at process.processTicksAndRejections (node:internal/process/task_queues:105:5)
    at async nodeRequest (file:///Users/adarsh/Documents/percy/web/rspace/node_modules/@wdio/browserstack-service/build/index.js:1215:22)
    at async Percy.healthcheck (file:///Users/adarsh/Documents/percy/web/rspace/node_modules/@wdio/browserstack-service/build/index.js:2917:20)
    at async Percy.start (file:///Users/adarsh/Documents/percy/web/rspace/node_modules/@wdio/browserstack-service/build/index.js:2951:27) {
  [cause]: Error: connect ECONNREFUSED 127.0.0.1:5338
      at TCPConnectWrap.afterConnect [as oncomplete] (node:net:1636:16) {
    errno: -61,
    code: 'ECONNREFUSED',
    syscall: 'connect',
    address: '127.0.0.1',
    port: 5338
  }
}
[90m2026-01-28T09:22:12.540Z[39m [32mDEBUG[39m [97m@wdio/browserstack-service[39m Failed to fire api request due to TypeError: fetch failed - TypeError: fetch failed
    at node:internal/deps/undici/undici:13510:13
    at process.processTicksAndRejections (node:internal/process/task_queues:105:5)
    at async nodeRequest (file:///Users/adarsh/Documents/percy/web/rspace/node_modules/@wdio/browserstack-service/build/index.js:1215:22)
    at async Percy.healthcheck (file:///Users/adarsh/Documents/percy/web/rspace/node_modules/@wdio/browserstack-service/build/index.js:2917:20)
    at async Percy.start (file:///Users/adarsh/Documents/percy/web/rspace/node_modules/@wdio/browserstack-service/build/index.js:2951:27)
[90m2026-01-28T09:22:13.541Z[39m [32mDEBUG[39m [97m@wdio/browserstack-service[39m Error in firing request http://127.0.0.1:5338/percy/healthcheck: TypeError: fetch failed
    at node:internal/deps/undici/undici:13510:13
    at process.processTicksAndRejections (node:internal/process/task_queues:105:5)
    at async nodeRequest (file:///Users/adarsh/Documents/percy/web/rspace/node_modules/@wdio/browserstack-service/build/index.js:1215:22)
    at async Percy.healthcheck (file:///Users/adarsh/Documents/percy/web/rspace/node_modules/@wdio/browserstack-service/build/index.js:2917:20)
    at async Percy.start (file:///Users/adarsh/Documents/percy/web/rspace/node_modules/@wdio/browserstack-service/build/index.js:2951:27) {
  [cause]: Error: connect ECONNREFUSED 127.0.0.1:5338
      at TCPConnectWrap.afterConnect [as oncomplete] (node:net:1636:16) {
    errno: -61,
    code: 'ECONNREFUSED',
    syscall: 'connect',
    address: '127.0.0.1',
    port: 5338
  }
}
[90m2026-01-28T09:22:13.541Z[39m [32mDEBUG[39m [97m@wdio/browserstack-service[39m Failed to fire api request due to TypeError: fetch failed - TypeError: fetch failed
    at node:internal/deps/undici/undici:13510:13
    at process.processTicksAndRejections (node:internal/process/task_queues:105:5)
    at async nodeRequest (file:///Users/adarsh/Documents/percy/web/rspace/node_modules/@wdio/browserstack-service/build/index.js:1215:22)
    at async Percy.healthcheck (file:///Users/adarsh/Documents/percy/web/rspace/node_modules/@wdio/browserstack-service/build/index.js:2917:20)
    at async Percy.start (file:///Users/adarsh/Documents/percy/web/rspace/node_modules/@wdio/browserstack-service/build/index.js:2951:27)
[90m2026-01-28T09:22:14.571Z[39m [32mDEBUG[39m [97m@wdio/browserstack-service[39m Error in firing request http://127.0.0.1:5338/percy/healthcheck: TypeError: fetch failed
    at node:internal/deps/undici/undici:13510:13
    at process.processTicksAndRejections (node:internal/process/task_queues:105:5)
    at async nodeRequest (file:///Users/adarsh/Documents/percy/web/rspace/node_modules/@wdio/browserstack-service/build/index.js:1215:22)
    at async Percy.healthcheck (file:///Users/adarsh/Documents/percy/web/rspace/node_modules/@wdio/browserstack-service/build/index.js:2917:20)
    at async Percy.start (file:///Users/adarsh/Documents/percy/web/rspace/node_modules/@wdio/browserstack-service/build/index.js:2951:27) {
  [cause]: Error: connect ECONNREFUSED 127.0.0.1:5338
      at TCPConnectWrap.afterConnect [as oncomplete] (node:net:1636:16) {
    errno: -61,
    code: 'ECONNREFUSED',
    syscall: 'connect',
    address: '127.0.0.1',
    port: 5338
  }
}
[90m2026-01-28T09:22:14.571Z[39m [32mDEBUG[39m [97m@wdio/browserstack-service[39m Failed to fire api request due to TypeError: fetch failed - TypeError: fetch failed
    at node:internal/deps/undici/undici:13510:13
    at process.processTicksAndRejections (node:internal/process/task_queues:105:5)
    at async nodeRequest (file:///Users/adarsh/Documents/percy/web/rspace/node_modules/@wdio/browserstack-service/build/index.js:1215:22)
    at async Percy.healthcheck (file:///Users/adarsh/Documents/percy/web/rspace/node_modules/@wdio/browserstack-service/build/index.js:2917:20)
    at async Percy.start (file:///Users/adarsh/Documents/percy/web/rspace/node_modules/@wdio/browserstack-service/build/index.js:2951:27)
[90m2026-01-28T09:22:15.573Z[39m [32mDEBUG[39m [97m@wdio/browserstack-service[39m Error in firing request http://127.0.0.1:5338/percy/healthcheck: TypeError: fetch failed
    at node:internal/deps/undici/undici:13510:13
    at process.processTicksAndRejections (node:internal/process/task_queues:105:5)
    at async nodeRequest (file:///Users/adarsh/Documents/percy/web/rspace/node_modules/@wdio/browserstack-service/build/index.js:1215:22)
    at async Percy.healthcheck (file:///Users/adarsh/Documents/percy/web/rspace/node_modules/@wdio/browserstack-service/build/index.js:2917:20)
    at async Percy.start (file:///Users/adarsh/Documents/percy/web/rspace/node_modules/@wdio/browserstack-service/build/index.js:2951:27) {
  [cause]: Error: connect ECONNREFUSED 127.0.0.1:5338
      at TCPConnectWrap.afterConnect [as oncomplete] (node:net:1636:16) {
    errno: -61,
    code: 'ECONNREFUSED',
    syscall: 'connect',
    address: '127.0.0.1',
    port: 5338
  }
}
[90m2026-01-28T09:22:15.573Z[39m [32mDEBUG[39m [97m@wdio/browserstack-service[39m Failed to fire api request due to TypeError: fetch failed - TypeError: fetch failed
    at node:internal/deps/undici/undici:13510:13
    at process.processTicksAndRejections (node:internal/process/task_queues:105:5)
    at async nodeRequest (file:///Users/adarsh/Documents/percy/web/rspace/node_modules/@wdio/browserstack-service/build/index.js:1215:22)
    at async Percy.healthcheck (file:///Users/adarsh/Documents/percy/web/rspace/node_modules/@wdio/browserstack-service/build/index.js:2917:20)
    at async Percy.start (file:///Users/adarsh/Documents/percy/web/rspace/node_modules/@wdio/browserstack-service/build/index.js:2951:27)
[90m2026-01-28T09:22:30.361Z[39m [96mINFO[39m [97m@wdio/browserstack-service[39m Browserstack Local successfully started after 79687.795625ms
[90m2026-01-28T09:22:57.108Z[39m [32mDEBUG[39m [97m@wdio/browserstack-service[39m Skipping method: Console, exists: true, type: function
[90m2026-01-28T09:22:57.146Z[39m [32mDEBUG[39m [97m@wdio/browserstack-service[39m Requesting Browserstack session URL at https://api.browserstack.com/automate/sessions/42cd35b9785069dc43477bfa5721337080cacb9e.json
[90m2026-01-28T09:22:57.552Z[39m [96mINFO[39m [97m@wdio/browserstack-service[39m 15 Chromium session: https://automate.browserstack.com/builds/a4a175dc8d45aebc06e9981f51045ddabcf98c55/sessions/42cd35b9785069dc43477bfa5721337080cacb9e
[90m2026-01-28T09:22:57.562Z[39m [96mINFO[39m [97m@wdio/browserstack-service[39m Update job with sessionId 42cd35b9785069dc43477bfa5721337080cacb9e
[90m2026-01-28T09:22:57.562Z[39m [32mDEBUG[39m [97m@wdio/browserstack-service[39m Updating Browserstack session at https://api.browserstack.com/automate/sessions/42cd35b9785069dc43477bfa5721337080cacb9e.json with request body: 
[90m2026-01-28T09:22:57.928Z[39m [96mINFO[39m [97m@wdio/browserstack-service[39m Update job with sessionId 42cd35b9785069dc43477bfa5721337080cacb9e
[90m2026-01-28T09:22:57.928Z[39m [32mDEBUG[39m [97m@wdio/browserstack-service[39m Updating Browserstack session at https://api.browserstack.com/automate/sessions/42cd35b9785069dc43477bfa5721337080cacb9e.json with request body: 
[90m2026-01-28T09:22:58.293Z[39m [32mDEBUG[39m [97m@wdio/browserstack-service[39m Driver capabilities used for integration object: {"webStorageEnabled":false,"locationContextEnabled":false,"browserName":"safari","platform":"MAC","javascriptEnabled":true,"databaseEnabled":false,"takesScreenshot":true,"networkConnectionEnabled":false,"unhandledPromptBehavior":"ignore","platformName":"iOS","newCommandTimeout":0,"realMobile":"true","deviceName":"iPhone 13","safariIgnoreFraudWarning":true,"orientation":"PORTRAIT","deviceOrientation":"PORTRAIT","noReset":true,"automationName":"XCUITest","keychainPath":"[REDACTED VALUE]","keychainPassword":"[REDACTED VALUE]","useXctestrunFile":true,"bootstrapPath":"/usr/local/.browserstack/config/wda_derived_data_15_3.1.0.10.5.0_515e29e8-234f-4a0f-a938-5ab844beed3d/Build/Products","browserstack.isTargetBased":"true","udid":"00008110-0001059E3E61401E"}
[90m2026-01-28T09:22:58.293Z[39m [32mDEBUG[39m [97m@wdio/browserstack-service[39m User capabilities used for integration object: {"browserName":"Chromium","bstack:options":{"deviceOrientation":"portrait","deviceName":"iPhone 13","osVersion":"15","buildIdentifier":"${BUILD_NUMBER}","consoleLogs":"info","networkLogs":"true","projectName":"rspace-web-percy","buildName":"e2e-tests","wdioService":"9.20.0","testhubBuildUuid":"r3e7xdkdp2naaghshqr9nbofq0qhbfhtjmhhymr3","buildProductMap":{"observability":true,"accessibility":null,"percy":true,"automate":true,"app_automate":false},"local":true}}
[90m2026-01-28T09:22:58.293Z[39m [32mDEBUG[39m [97m@wdio/browserstack-service[39m Got osVersion from user bstack options
[90m2026-01-28T09:22:58.293Z[39m [32mDEBUG[39m [97m@wdio/browserstack-service[39m Added data to request queue. Queue length = 1
[90m2026-01-28T09:22:59.899Z[39m [32mDEBUG[39m [97m@wdio/browserstack-service[39m Added data to request queue. Queue length = 2
[90m2026-01-28T09:22:59.980Z[39m [32mDEBUG[39m [97m@wdio/browserstack-service[39m Added data to request queue. Queue length = 3
[90m2026-01-28T09:23:00.055Z[39m [32mDEBUG[39m [97m@wdio/browserstack-service[39m Added data to request queue. Queue length = 4
[90m2026-01-28T09:23:00.062Z[39m [32mDEBUG[39m [97m@wdio/browserstack-service[39m Added data to request queue. Queue length = 5
[90m2026-01-28T09:23:00.101Z[39m [32mDEBUG[39m [97m@wdio/browserstack-service[39m Added data to request queue. Queue length = 6
[90m2026-01-28T09:23:00.291Z[39m [32mDEBUG[39m [97m@wdio/browserstack-service[39m Added data to request queue. Queue length = 7
[90m2026-01-28T09:23:00.297Z[39m [32mDEBUG[39m [97m@wdio/browserstack-service[39m Sending data from request queue. Data length = 7, Queue length after removal = 0
[90m2026-01-28T09:23:00.297Z[39m [32mDEBUG[39m [97m@wdio/browserstack-service[39m calling callback with kind INTERVAL_QUEUE
[90m2026-01-28T09:23:00.297Z[39m [32mDEBUG[39m [97m@wdio/browserstack-service[39m callback: called with events 7
[90m2026-01-28T09:23:00.334Z[39m [32mDEBUG[39m [97m@wdio/browserstack-service[39m Added data to request queue. Queue length = 1
[90m2026-01-28T09:23:00.391Z[39m [32mDEBUG[39m [97m@wdio/browserstack-service[39m Added data to request queue. Queue length = 2
[90m2026-01-28T09:23:00.441Z[39m [32mDEBUG[39m [97m@wdio/browserstack-service[39m Added data to request queue. Queue length = 3
[90m2026-01-28T09:23:00.506Z[39m [32mDEBUG[39m [97m@wdio/browserstack-service[39m Added data to request queue. Queue length = 4
[90m2026-01-28T09:23:00.556Z[39m [32mDEBUG[39m [97m@wdio/browserstack-service[39m Added data to request queue. Queue length = 5
[90m2026-01-28T09:23:00.655Z[39m [32mDEBUG[39m [97m@wdio/browserstack-service[39m Added data to request queue. Queue length = 6
[90m2026-01-28T09:23:00.748Z[39m [32mDEBUG[39m [97m@wdio/browserstack-service[39m Added data to request queue. Queue length = 7
[90m2026-01-28T09:23:00.802Z[39m [32mDEBUG[39m [97m@wdio/browserstack-service[39m Added data to request queue. Queue length = 8
[90m2026-01-28T09:23:00.867Z[39m [32mDEBUG[39m [97m@wdio/browserstack-service[39m Added data to request queue. Queue length = 9
[90m2026-01-28T09:23:00.940Z[39m [32mDEBUG[39m [97m@wdio/browserstack-service[39m Added data to request queue. Queue length = 10
[90m2026-01-28T09:23:01.015Z[39m [32mDEBUG[39m [97m@wdio/browserstack-service[39m Added data to request queue. Queue length = 11
[90m2026-01-28T09:23:01.082Z[39m [32mDEBUG[39m [97m@wdio/browserstack-service[39m Added data to request queue. Queue length = 12
[90m2026-01-28T09:23:01.108Z[39m [32mDEBUG[39m [97m@wdio/browserstack-service[39m [BATCH_DATA] Success response: {"success":true}
[90m2026-01-28T09:23:01.108Z[39m [32mDEBUG[39m [97m@wdio/browserstack-service[39m callback: marking events success 7
[90m2026-01-28T09:23:01.153Z[39m [32mDEBUG[39m [97m@wdio/browserstack-service[39m Added data to request queue. Queue length = 13
[90m2026-01-28T09:23:01.287Z[39m [32mDEBUG[39m [97m@wdio/browserstack-service[39m Added data to request queue. Queue length = 14
[90m2026-01-28T09:23:01.336Z[39m [32mDEBUG[39m [97m@wdio/browserstack-service[39m Added data to request queue. Queue length = 15
[90m2026-01-28T09:23:01.339Z[39m [32mDEBUG[39m [97m@wdio/browserstack-service[39m Added data to request queue. Queue length = 16
[90m2026-01-28T09:23:01.401Z[39m [32mDEBUG[39m [97m@wdio/browserstack-service[39m Added data to request queue. Queue length = 17
[90m2026-01-28T09:23:01.487Z[39m [32mDEBUG[39m [97m@wdio/browserstack-service[39m Added data to request queue. Queue length = 18
[90m2026-01-28T09:23:01.535Z[39m [32mDEBUG[39m [97m@wdio/browserstack-service[39m Added data to request queue. Queue length = 19
[90m2026-01-28T09:23:01.583Z[39m [32mDEBUG[39m [97m@wdio/browserstack-service[39m Added data to request queue. Queue length = 20
[90m2026-01-28T09:23:01.607Z[39m [32mDEBUG[39m [97m@wdio/browserstack-service[39m Added data to request queue. Queue length = 21
[90m2026-01-28T09:23:01.646Z[39m [32mDEBUG[39m [97m@wdio/browserstack-service[39m Added data to request queue. Queue length = 22
[90m2026-01-28T09:23:01.658Z[39m [32mDEBUG[39m [97m@wdio/browserstack-service[39m Added data to request queue. Queue length = 23
[90m2026-01-28T09:23:01.718Z[39m [32mDEBUG[39m [97m@wdio/browserstack-service[39m Added data to request queue. Queue length = 24
[90m2026-01-28T09:23:01.800Z[39m [32mDEBUG[39m [97m@wdio/browserstack-service[39m Added data to request queue. Queue length = 25
[90m2026-01-28T09:23:01.882Z[39m [32mDEBUG[39m [97m@wdio/browserstack-service[39m Added data to request queue. Queue length = 26
[90m2026-01-28T09:23:01.882Z[39m [32mDEBUG[39m [97m@wdio/browserstack-service[39m Added data to request queue. Queue length = 27
[90m2026-01-28T09:23:01.929Z[39m [32mDEBUG[39m [97m@wdio/browserstack-service[39m Added data to request queue. Queue length = 28
[90m2026-01-28T09:23:01.972Z[39m [32mDEBUG[39m [97m@wdio/browserstack-service[39m Added data to request queue. Queue length = 29
[90m2026-01-28T09:23:01.978Z[39m [32mDEBUG[39m [97m@wdio/browserstack-service[39m Added data to request queue. Queue length = 30
[90m2026-01-28T09:23:02.030Z[39m [32mDEBUG[39m [97m@wdio/browserstack-service[39m Added data to request queue. Queue length = 31
[90m2026-01-28T09:23:02.079Z[39m [32mDEBUG[39m [97m@wdio/browserstack-service[39m Added data to request queue. Queue length = 32
[90m2026-01-28T09:23:02.118Z[39m [32mDEBUG[39m [97m@wdio/browserstack-service[39m Added data to request queue. Queue length = 33
[90m2026-01-28T09:23:02.141Z[39m [32mDEBUG[39m [97m@wdio/browserstack-service[39m Added data to request queue. Queue length = 34
[90m2026-01-28T09:23:02.298Z[39m [32mDEBUG[39m [97m@wdio/browserstack-service[39m Sending data from request queue. Data length = 34, Queue length after removal = 0
[90m2026-01-28T09:23:02.299Z[39m [32mDEBUG[39m [97m@wdio/browserstack-service[39m calling callback with kind INTERVAL_QUEUE
[90m2026-01-28T09:23:02.299Z[39m [32mDEBUG[39m [97m@wdio/browserstack-service[39m callback: called with events 34
[90m2026-01-28T09:23:02.360Z[39m [32mDEBUG[39m [97m@wdio/browserstack-service[39m Added data to request queue. Queue length = 1
[90m2026-01-28T09:23:02.403Z[39m [32mDEBUG[39m [97m@wdio/browserstack-service[39m Added data to request queue. Queue length = 2
[90m2026-01-28T09:23:02.559Z[39m [32mDEBUG[39m [97m@wdio/browserstack-service[39m Added data to request queue. Queue length = 3
[90m2026-01-28T09:23:02.622Z[39m [32mDEBUG[39m [97m@wdio/browserstack-service[39m Added data to request queue. Queue length = 4
[90m2026-01-28T09:23:02.657Z[39m [32mDEBUG[39m [97m@wdio/browserstack-service[39m Added data to request queue. Queue length = 5
[90m2026-01-28T09:23:02.679Z[39m [32mDEBUG[39m [97m@wdio/browserstack-service[39m Added data to request queue. Queue length = 6
[90m2026-01-28T09:23:02.709Z[39m [32mDEBUG[39m [97m@wdio/browserstack-service[39m [BATCH_DATA] Success response: {"success":true}
[90m2026-01-28T09:23:02.709Z[39m [32mDEBUG[39m [97m@wdio/browserstack-service[39m callback: marking events success 34
[90m2026-01-28T09:23:02.721Z[39m [32mDEBUG[39m [97m@wdio/browserstack-service[39m Added data to request queue. Queue length = 7
[90m2026-01-28T09:23:02.757Z[39m [32mDEBUG[39m [97m@wdio/browserstack-service[39m Added data to request queue. Queue length = 8
[90m2026-01-28T09:23:02.795Z[39m [32mDEBUG[39m [97m@wdio/browserstack-service[39m Added data to request queue. Queue length = 9
[90m2026-01-28T09:23:02.812Z[39m [32mDEBUG[39m [97m@wdio/browserstack-service[39m Added data to request queue. Queue length = 10
[90m2026-01-28T09:23:02.817Z[39m [32mDEBUG[39m [97m@wdio/browserstack-service[39m Added data to request queue. Queue length = 11
[90m2026-01-28T09:23:02.871Z[39m [32mDEBUG[39m [97m@wdio/browserstack-service[39m Added data to request queue. Queue length = 12
[90m2026-01-28T09:23:02.877Z[39m [32mDEBUG[39m [97m@wdio/browserstack-service[39m Added data to request queue. Queue length = 13
[90m2026-01-28T09:23:02.909Z[39m [32mDEBUG[39m [97m@wdio/browserstack-service[39m Added data to request queue. Queue length = 14
[90m2026-01-28T09:23:02.919Z[39m [32mDEBUG[39m [97m@wdio/browserstack-service[39m Added data to request queue. Queue length = 15
[90m2026-01-28T09:23:02.920Z[39m [32mDEBUG[39m [97m@wdio/browserstack-service[39m Added data to request queue. Queue length = 16
[90m2026-01-28T09:23:02.942Z[39m [32mDEBUG[39m [97m@wdio/browserstack-service[39m Added data to request queue. Queue length = 17
[90m2026-01-28T09:23:02.985Z[39m [32mDEBUG[39m [97m@wdio/browserstack-service[39m Added data to request queue. Queue length = 18
[90m2026-01-28T09:23:02.992Z[39m [32mDEBUG[39m [97m@wdio/browserstack-service[39m Added data to request queue. Queue length = 19
[90m2026-01-28T09:23:03.032Z[39m [32mDEBUG[39m [97m@wdio/browserstack-service[39m Added data to request queue. Queue length = 20
[90m2026-01-28T09:23:03.075Z[39m [32mDEBUG[39m [97m@wdio/browserstack-service[39m Added data to request queue. Queue length = 21
[90m2026-01-28T09:23:03.087Z[39m [32mDEBUG[39m [97m@wdio/browserstack-service[39m Added data to request queue. Queue length = 22
[90m2026-01-28T09:23:03.157Z[39m [32mDEBUG[39m [97m@wdio/browserstack-service[39m Added data to request queue. Queue length = 23
[90m2026-01-28T09:23:03.220Z[39m [32mDEBUG[39m [97m@wdio/browserstack-service[39m Added data to request queue. Queue length = 24
[90m2026-01-28T09:23:03.272Z[39m [32mDEBUG[39m [97m@wdio/browserstack-service[39m Added data to request queue. Queue length = 25
[90m2026-01-28T09:23:03.280Z[39m [32mDEBUG[39m [97m@wdio/browserstack-service[39m Added data to request queue. Queue length = 26
[90m2026-01-28T09:23:03.340Z[39m [32mDEBUG[39m [97m@wdio/browserstack-service[39m Added data to request queue. Queue length = 27
[90m2026-01-28T09:23:03.373Z[39m [32mDEBUG[39m [97m@wdio/browserstack-service[39m Added data to request queue. Queue length = 28
[90m2026-01-28T09:23:03.380Z[39m [32mDEBUG[39m [97m@wdio/browserstack-service[39m Added data to request queue. Queue length = 29
[90m2026-01-28T09:23:03.423Z[39m [32mDEBUG[39m [97m@wdio/browserstack-service[39m Added data to request queue. Queue length = 30
[90m2026-01-28T09:23:03.461Z[39m [32mDEBUG[39m [97m@wdio/browserstack-service[39m Added data to request queue. Queue length = 31
[90m2026-01-28T09:23:03.469Z[39m [32mDEBUG[39m [97m@wdio/browserstack-service[39m Added data to request queue. Queue length = 32
[90m2026-01-28T09:23:03.575Z[39m [32mDEBUG[39m [97m@wdio/browserstack-service[39m Added data to request queue. Queue length = 33
[90m2026-01-28T09:23:03.645Z[39m [32mDEBUG[39m [97m@wdio/browserstack-service[39m Added data to request queue. Queue length = 34
[90m2026-01-28T09:23:03.730Z[39m [32mDEBUG[39m [97m@wdio/browserstack-service[39m Added data to request queue. Queue length = 35
[90m2026-01-28T09:23:03.776Z[39m [32mDEBUG[39m [97m@wdio/browserstack-service[39m Added data to request queue. Queue length = 36
[90m2026-01-28T09:23:03.821Z[39m [32mDEBUG[39m [97m@wdio/browserstack-service[39m Added data to request queue. Queue length = 37
[90m2026-01-28T09:23:03.865Z[39m [32mDEBUG[39m [97m@wdio/browserstack-service[39m Added data to request queue. Queue length = 38
[90m2026-01-28T09:23:03.898Z[39m [32mDEBUG[39m [97m@wdio/browserstack-service[39m Added data to request queue. Queue length = 39
[90m2026-01-28T09:23:03.947Z[39m [32mDEBUG[39m [97m@wdio/browserstack-service[39m Added data to request queue. Queue length = 40
[90m2026-01-28T09:23:03.971Z[39m [32mDEBUG[39m [97m@wdio/browserstack-service[39m Added data to request queue. Queue length = 41
[90m2026-01-28T09:23:03.989Z[39m [32mDEBUG[39m [97m@wdio/browserstack-service[39m Added data to request queue. Queue length = 42
[90m2026-01-28T09:23:04.005Z[39m [32mDEBUG[39m [97m@wdio/browserstack-service[39m Added data to request queue. Queue length = 43
[90m2026-01-28T09:23:04.018Z[39m [32mDEBUG[39m [97m@wdio/browserstack-service[39m Added data to request queue. Queue length = 44
[90m2026-01-28T09:23:04.053Z[39m [32mDEBUG[39m [97m@wdio/browserstack-service[39m Added data to request queue. Queue length = 45
[90m2026-01-28T09:23:04.110Z[39m [32mDEBUG[39m [97m@wdio/browserstack-service[39m Added data to request queue. Queue length = 46
[90m2026-01-28T09:23:04.137Z[39m [32mDEBUG[39m [97m@wdio/browserstack-service[39m Added data to request queue. Queue length = 47
[90m2026-01-28T09:23:04.157Z[39m [32mDEBUG[39m [97m@wdio/browserstack-service[39m Added data to request queue. Queue length = 48
[90m2026-01-28T09:23:04.199Z[39m [32mDEBUG[39m [97m@wdio/browserstack-service[39m Added data to request queue. Queue length = 49
[90m2026-01-28T09:23:04.226Z[39m [32mDEBUG[39m [97m@wdio/browserstack-service[39m Added data to request queue. Queue length = 50
[90m2026-01-28T09:23:04.243Z[39m [32mDEBUG[39m [97m@wdio/browserstack-service[39m Added data to request queue. Queue length = 51
[90m2026-01-28T09:23:04.261Z[39m [32mDEBUG[39m [97m@wdio/browserstack-service[39m Added data to request queue. Queue length = 52
[90m2026-01-28T09:23:04.269Z[39m [32mDEBUG[39m [97m@wdio/browserstack-service[39m Added data to request queue. Queue length = 53
[90m2026-01-28T09:23:04.300Z[39m [32mDEBUG[39m [97m@wdio/browserstack-service[39m Sending data from request queue. Data length = 53, Queue length after removal = 0
[90m2026-01-28T09:23:04.300Z[39m [32mDEBUG[39m [97m@wdio/browserstack-service[39m calling callback with kind INTERVAL_QUEUE
[90m2026-01-28T09:23:04.300Z[39m [32mDEBUG[39m [97m@wdio/browserstack-service[39m callback: called with events 53
[90m2026-01-28T09:23:04.311Z[39m [32mDEBUG[39m [97m@wdio/browserstack-service[39m Added data to request queue. Queue length = 1
[90m2026-01-28T09:23:04.351Z[39m [32mDEBUG[39m [97m@wdio/browserstack-service[39m Added data to request queue. Queue length = 2
[90m2026-01-28T09:23:04.359Z[39m [32mDEBUG[39m [97m@wdio/browserstack-service[39m Added data to request queue. Queue length = 3
[90m2026-01-28T09:23:04.423Z[39m [32mDEBUG[39m [97m@wdio/browserstack-service[39m Added data to request queue. Queue length = 4
[90m2026-01-28T09:23:04.470Z[39m [32mDEBUG[39m [97m@wdio/browserstack-service[39m Added data to request queue. Queue length = 5
[90m2026-01-28T09:23:04.478Z[39m [32mDEBUG[39m [97m@wdio/browserstack-service[39m Added data to request queue. Queue length = 6
[90m2026-01-28T09:23:04.530Z[39m [32mDEBUG[39m [97m@wdio/browserstack-service[39m Added data to request queue. Queue length = 7
[90m2026-01-28T09:23:04.544Z[39m [32mDEBUG[39m [97m@wdio/browserstack-service[39m Added data to request queue. Queue length = 8
[90m2026-01-28T09:23:04.581Z[39m [32mDEBUG[39m [97m@wdio/browserstack-service[39m Added data to request queue. Queue length = 9
[90m2026-01-28T09:23:04.592Z[39m [32mDEBUG[39m [97m@wdio/browserstack-service[39m Added data to request queue. Queue length = 10
[90m2026-01-28T09:23:04.599Z[39m [32mDEBUG[39m [97m@wdio/browserstack-service[39m Added data to request queue. Queue length = 11
[90m2026-01-28T09:23:04.650Z[39m [32mDEBUG[39m [97m@wdio/browserstack-service[39m Added data to request queue. Queue length = 12
[90m2026-01-28T09:23:04.688Z[39m [32mDEBUG[39m [97m@wdio/browserstack-service[39m Added data to request queue. Queue length = 13
[90m2026-01-28T09:23:04.694Z[39m [32mDEBUG[39m [97m@wdio/browserstack-service[39m Added data to request queue. Queue length = 14
[90m2026-01-28T09:23:04.717Z[39m [32mDEBUG[39m [97m@wdio/browserstack-service[39m [BATCH_DATA] Success response: {"success":true}
[90m2026-01-28T09:23:04.717Z[39m [32mDEBUG[39m [97m@wdio/browserstack-service[39m callback: marking events success 53
[90m2026-01-28T09:23:04.725Z[39m [32mDEBUG[39m [97m@wdio/browserstack-service[39m Added data to request queue. Queue length = 15
[90m2026-01-28T09:23:04.795Z[39m [32mDEBUG[39m [97m@wdio/browserstack-service[39m Added data to request queue. Queue length = 16
[90m2026-01-28T09:23:04.796Z[39m [32mDEBUG[39m [97m@wdio/browserstack-service[39m Added data to request queue. Queue length = 17
[90m2026-01-28T09:23:04.847Z[39m [32mDEBUG[39m [97m@wdio/browserstack-service[39m Added data to request queue. Queue length = 18
[90m2026-01-28T09:23:04.893Z[39m [32mDEBUG[39m [97m@wdio/browserstack-service[39m Added data to request queue. Queue length = 19
[90m2026-01-28T09:23:04.897Z[39m [32mDEBUG[39m [97m@wdio/browserstack-service[39m Added data to request queue. Queue length = 20
[90m2026-01-28T09:23:04.931Z[39m [32mDEBUG[39m [97m@wdio/browserstack-service[39m Added data to request queue. Queue length = 21
[90m2026-01-28T09:23:04.976Z[39m [32mDEBUG[39m [97m@wdio/browserstack-service[39m Added data to request queue. Queue length = 22
[90m2026-01-28T09:23:04.984Z[39m [32mDEBUG[39m [97m@wdio/browserstack-service[39m Added data to request queue. Queue length = 23
[90m2026-01-28T09:23:05.019Z[39m [32mDEBUG[39m [97m@wdio/browserstack-service[39m Added data to request queue. Queue length = 24
[90m2026-01-28T09:23:05.062Z[39m [32mDEBUG[39m [97m@wdio/browserstack-service[39m Added data to request queue. Queue length = 25
[90m2026-01-28T09:23:05.067Z[39m [32mDEBUG[39m [97m@wdio/browserstack-service[39m Added data to request queue. Queue length = 26
[90m2026-01-28T09:23:05.097Z[39m [32mDEBUG[39m [97m@wdio/browserstack-service[39m Added data to request queue. Queue length = 27
[90m2026-01-28T09:23:05.165Z[39m [32mDEBUG[39m [97m@wdio/browserstack-service[39m Added data to request queue. Queue length = 28
[90m2026-01-28T09:23:05.174Z[39m [32mDEBUG[39m [97m@wdio/browserstack-service[39m Added data to request queue. Queue length = 29
[90m2026-01-28T09:23:05.247Z[39m [32mDEBUG[39m [97m@wdio/browserstack-service[39m Added data to request queue. Queue length = 30
[90m2026-01-28T09:23:05.287Z[39m [32mDEBUG[39m [97m@wdio/browserstack-service[39m Added data to request queue. Queue length = 31
[90m2026-01-28T09:23:05.313Z[39m [32mDEBUG[39m [97m@wdio/browserstack-service[39m Added data to request queue. Queue length = 32
[90m2026-01-28T09:23:05.324Z[39m [32mDEBUG[39m [97m@wdio/browserstack-service[39m Added data to request queue. Queue length = 33
[90m2026-01-28T09:23:05.357Z[39m [32mDEBUG[39m [97m@wdio/browserstack-service[39m Added data to request queue. Queue length = 34
[90m2026-01-28T09:23:05.387Z[39m [32mDEBUG[39m [97m@wdio/browserstack-service[39m Added data to request queue. Queue length = 35
[90m2026-01-28T09:23:05.406Z[39m [32mDEBUG[39m [97m@wdio/browserstack-service[39m Added data to request queue. Queue length = 36
[90m2026-01-28T09:23:05.462Z[39m [32mDEBUG[39m [97m@wdio/browserstack-service[39m Added data to request queue. Queue length = 37
[90m2026-01-28T09:23:05.501Z[39m [32mDEBUG[39m [97m@wdio/browserstack-service[39m Added data to request queue. Queue length = 38
[90m2026-01-28T09:23:05.539Z[39m [32mDEBUG[39m [97m@wdio/browserstack-service[39m Added data to request queue. Queue length = 39
[90m2026-01-28T09:23:05.558Z[39m [32mDEBUG[39m [97m@wdio/browserstack-service[39m Added data to request queue. Queue length = 40
[90m2026-01-28T09:23:05.584Z[39m [32mDEBUG[39m [97m@wdio/browserstack-service[39m Added data to request queue. Queue length = 41
[90m2026-01-28T09:23:05.607Z[39m [32mDEBUG[39m [97m@wdio/browserstack-service[39m Added data to request queue. Queue length = 42
[90m2026-01-28T09:23:05.673Z[39m [32mDEBUG[39m [97m@wdio/browserstack-service[39m Added data to request queue. Queue length = 43
[90m2026-01-28T09:23:05.699Z[39m [32mDEBUG[39m [97m@wdio/browserstack-service[39m Added data to request queue. Queue length = 44
[90m2026-01-28T09:23:05.712Z[39m [32mDEBUG[39m [97m@wdio/browserstack-service[39m Added data to request queue. Queue length = 45
[90m2026-01-28T09:23:05.760Z[39m [32mDEBUG[39m [97m@wdio/browserstack-service[39m Added data to request queue. Queue length = 46
[90m2026-01-28T09:23:05.773Z[39m [32mDEBUG[39m [97m@wdio/browserstack-service[39m Added data to request queue. Queue length = 47
[90m2026-01-28T09:23:05.805Z[39m [32mDEBUG[39m [97m@wdio/browserstack-service[39m Added data to request queue. Queue length = 48
[90m2026-01-28T09:23:05.821Z[39m [32mDEBUG[39m [97m@wdio/browserstack-service[39m Added data to request queue. Queue length = 49
[90m2026-01-28T09:23:05.827Z[39m [32mDEBUG[39m [97m@wdio/browserstack-service[39m Added data to request queue. Queue length = 50
[90m2026-01-28T09:23:05.863Z[39m [32mDEBUG[39m [97m@wdio/browserstack-service[39m Added data to request queue. Queue length = 51
[90m2026-01-28T09:23:05.905Z[39m [32mDEBUG[39m [97m@wdio/browserstack-service[39m Added data to request queue. Queue length = 52
[90m2026-01-28T09:23:05.959Z[39m [32mDEBUG[39m [97m@wdio/browserstack-service[39m Added data to request queue. Queue length = 53
[90m2026-01-28T09:23:06.009Z[39m [32mDEBUG[39m [97m@wdio/browserstack-service[39m Added data to request queue. Queue length = 54
[90m2026-01-28T09:23:06.041Z[39m [32mDEBUG[39m [97m@wdio/browserstack-service[39m Added data to request queue. Queue length = 55
[90m2026-01-28T09:23:06.049Z[39m [32mDEBUG[39m [97m@wdio/browserstack-service[39m Added data to request queue. Queue length = 56
[90m2026-01-28T09:23:06.104Z[39m [32mDEBUG[39m [97m@wdio/browserstack-service[39m Added data to request queue. Queue length = 57
[90m2026-01-28T09:23:06.126Z[39m [32mDEBUG[39m [97m@wdio/browserstack-service[39m Added data to request queue. Queue length = 58
[90m2026-01-28T09:23:06.154Z[39m [32mDEBUG[39m [97m@wdio/browserstack-service[39m Added data to request queue. Queue length = 59
[90m2026-01-28T09:23:06.167Z[39m [32mDEBUG[39m [97m@wdio/browserstack-service[39m Added data to request queue. Queue length = 60
[90m2026-01-28T09:23:06.171Z[39m [32mDEBUG[39m [97m@wdio/browserstack-service[39m Added data to request queue. Queue length = 61
[90m2026-01-28T09:23:06.219Z[39m [32mDEBUG[39m [97m@wdio/browserstack-service[39m Added data to request queue. Queue length = 62
[90m2026-01-28T09:23:06.254Z[39m [32mDEBUG[39m [97m@wdio/browserstack-service[39m Added data to request queue. Queue length = 63
[90m2026-01-28T09:23:06.260Z[39m [32mDEBUG[39m [97m@wdio/browserstack-service[39m Added data to request queue. Queue length = 64
[90m2026-01-28T09:23:06.300Z[39m [32mDEBUG[39m [97m@wdio/browserstack-service[39m Sending data from request queue. Data length = 64, Queue length after removal = 0
[90m2026-01-28T09:23:06.300Z[39m [32mDEBUG[39m [97m@wdio/browserstack-service[39m calling callback with kind INTERVAL_QUEUE
[90m2026-01-28T09:23:06.300Z[39m [32mDEBUG[39m [97m@wdio/browserstack-service[39m callback: called with events 64
[90m2026-01-28T09:23:06.308Z[39m [32mDEBUG[39m [97m@wdio/browserstack-service[39m Added data to request queue. Queue length = 1
[90m2026-01-28T09:23:06.358Z[39m [32mDEBUG[39m [97m@wdio/browserstack-service[39m Added data to request queue. Queue length = 2
[90m2026-01-28T09:23:06.397Z[39m [32mDEBUG[39m [97m@wdio/browserstack-service[39m Added data to request queue. Queue length = 3
[90m2026-01-28T09:23:06.407Z[39m [32mDEBUG[39m [97m@wdio/browserstack-service[39m Added data to request queue. Queue length = 4
[90m2026-01-28T09:23:06.465Z[39m [32mDEBUG[39m [97m@wdio/browserstack-service[39m Added data to request queue. Queue length = 5
[90m2026-01-28T09:23:06.530Z[39m [32mDEBUG[39m [97m@wdio/browserstack-service[39m Added data to request queue. Queue length = 6
[90m2026-01-28T09:23:06.531Z[39m [32mDEBUG[39m [97m@wdio/browserstack-service[39m Added data to request queue. Queue length = 7
[90m2026-01-28T09:23:06.532Z[39m [32mDEBUG[39m [97m@wdio/browserstack-service[39m [BATCH_DATA] Success response: {"success":true}
[90m2026-01-28T09:23:06.532Z[39m [32mDEBUG[39m [97m@wdio/browserstack-service[39m callback: marking events success 64
[90m2026-01-28T09:23:06.651Z[39m [32mDEBUG[39m [97m@wdio/browserstack-service[39m Added data to request queue. Queue length = 8
[90m2026-01-28T09:23:06.660Z[39m [32mDEBUG[39m [97m@wdio/browserstack-service[39m Added data to request queue. Queue length = 9
[90m2026-01-28T09:23:06.689Z[39m [32mDEBUG[39m [97m@wdio/browserstack-service[39m Added data to request queue. Queue length = 10
[90m2026-01-28T09:23:06.725Z[39m [32mDEBUG[39m [97m@wdio/browserstack-service[39m Added data to request queue. Queue length = 11
[90m2026-01-28T09:23:06.725Z[39m [32mDEBUG[39m [97m@wdio/browserstack-service[39m Added data to request queue. Queue length = 12
[90m2026-01-28T09:23:06.766Z[39m [32mDEBUG[39m [97m@wdio/browserstack-service[39m Added data to request queue. Queue length = 13
[90m2026-01-28T09:23:06.801Z[39m [32mDEBUG[39m [97m@wdio/browserstack-service[39m Added data to request queue. Queue length = 14
[90m2026-01-28T09:23:06.812Z[39m [32mDEBUG[39m [97m@wdio/browserstack-service[39m Added data to request queue. Queue length = 15
[90m2026-01-28T09:23:06.847Z[39m [32mDEBUG[39m [97m@wdio/browserstack-service[39m Added data to request queue. Queue length = 16
[90m2026-01-28T09:23:06.902Z[39m [32mDEBUG[39m [97m@wdio/browserstack-service[39m Added data to request queue. Queue length = 17
[90m2026-01-28T09:23:06.926Z[39m [32mDEBUG[39m [97m@wdio/browserstack-service[39m Added data to request queue. Queue length = 18
[90m2026-01-28T09:23:07.014Z[39m [32mDEBUG[39m [97m@wdio/browserstack-service[39m Added data to request queue. Queue length = 19
[90m2026-01-28T09:23:07.085Z[39m [32mDEBUG[39m [97m@wdio/browserstack-service[39m Added data to request queue. Queue length = 20
[90m2026-01-28T09:23:07.087Z[39m [32mDEBUG[39m [97m@wdio/browserstack-service[39m Added data to request queue. Queue length = 21
[90m2026-01-28T09:23:07.148Z[39m [32mDEBUG[39m [97m@wdio/browserstack-service[39m Added data to request queue. Queue length = 22
[90m2026-01-28T09:23:07.162Z[39m [32mDEBUG[39m [97m@wdio/browserstack-service[39m Added data to request queue. Queue length = 23
[90m2026-01-28T09:23:07.216Z[39m [32mDEBUG[39m [97m@wdio/browserstack-service[39m Added data to request queue. Queue length = 24
[90m2026-01-28T09:23:07.217Z[39m [32mDEBUG[39m [97m@wdio/browserstack-service[39m Added data to request queue. Queue length = 25
[90m2026-01-28T09:23:07.221Z[39m [32mDEBUG[39m [97m@wdio/browserstack-service[39m Added data to request queue. Queue length = 26
[90m2026-01-28T09:23:07.257Z[39m [32mDEBUG[39m [97m@wdio/browserstack-service[39m Added data to request queue. Queue length = 27
[90m2026-01-28T09:23:07.330Z[39m [32mDEBUG[39m [97m@wdio/browserstack-service[39m Added data to request queue. Queue length = 28
[90m2026-01-28T09:23:07.330Z[39m [32mDEBUG[39m [97m@wdio/browserstack-service[39m Added data to request queue. Queue length = 29
[90m2026-01-28T09:23:07.378Z[39m [32mDEBUG[39m [97m@wdio/browserstack-service[39m Added data to request queue. Queue length = 30
[90m2026-01-28T09:23:07.425Z[39m [32mDEBUG[39m [97m@wdio/browserstack-service[39m Added data to request queue. Queue length = 31
[90m2026-01-28T09:23:07.460Z[39m [32mDEBUG[39m [97m@wdio/browserstack-service[39m Added data to request queue. Queue length = 32
[90m2026-01-28T09:23:07.466Z[39m [32mDEBUG[39m [97m@wdio/browserstack-service[39m Added data to request queue. Queue length = 33
[90m2026-01-28T09:23:07.509Z[39m [32mDEBUG[39m [97m@wdio/browserstack-service[39m Added data to request queue. Queue length = 34
[90m2026-01-28T09:23:07.522Z[39m [32mDEBUG[39m [97m@wdio/browserstack-service[39m Added data to request queue. Queue length = 35
[90m2026-01-28T09:23:07.543Z[39m [32mDEBUG[39m [97m@wdio/browserstack-service[39m Added data to request queue. Queue length = 36
[90m2026-01-28T09:23:07.553Z[39m [32mDEBUG[39m [97m@wdio/browserstack-service[39m Added data to request queue. Queue length = 37
[90m2026-01-28T09:23:07.578Z[39m [32mDEBUG[39m [97m@wdio/browserstack-service[39m Added data to request queue. Queue length = 38
[90m2026-01-28T09:23:07.612Z[39m [32mDEBUG[39m [97m@wdio/browserstack-service[39m Added data to request queue. Queue length = 39
[90m2026-01-28T09:23:07.668Z[39m [32mDEBUG[39m [97m@wdio/browserstack-service[39m Added data to request queue. Queue length = 40
[90m2026-01-28T09:23:07.670Z[39m [32mDEBUG[39m [97m@wdio/browserstack-service[39m Added data to request queue. Queue length = 41
[90m2026-01-28T09:23:07.754Z[39m [32mDEBUG[39m [97m@wdio/browserstack-service[39m Added data to request queue. Queue length = 42
[90m2026-01-28T09:23:07.796Z[39m [32mDEBUG[39m [97m@wdio/browserstack-service[39m Added data to request queue. Queue length = 43
[90m2026-01-28T09:23:07.829Z[39m [32mDEBUG[39m [97m@wdio/browserstack-service[39m Added data to request queue. Queue length = 44
[90m2026-01-28T09:23:07.831Z[39m [32mDEBUG[39m [97m@wdio/browserstack-service[39m Added data to request queue. Queue length = 45
[90m2026-01-28T09:23:07.892Z[39m [32mDEBUG[39m [97m@wdio/browserstack-service[39m Added data to request queue. Queue length = 46
[90m2026-01-28T09:23:07.926Z[39m [32mDEBUG[39m [97m@wdio/browserstack-service[39m Added data to request queue. Queue length = 47
[90m2026-01-28T09:23:07.930Z[39m [32mDEBUG[39m [97m@wdio/browserstack-service[39m Added data to request queue. Queue length = 48
[90m2026-01-28T09:23:07.986Z[39m [32mDEBUG[39m [97m@wdio/browserstack-service[39m Added data to request queue. Queue length = 49
[90m2026-01-28T09:23:08.037Z[39m [32mDEBUG[39m [97m@wdio/browserstack-service[39m Added data to request queue. Queue length = 50
[90m2026-01-28T09:23:08.073Z[39m [32mDEBUG[39m [97m@wdio/browserstack-service[39m Added data to request queue. Queue length = 51
[90m2026-01-28T09:23:08.079Z[39m [32mDEBUG[39m [97m@wdio/browserstack-service[39m Added data to request queue. Queue length = 52
[90m2026-01-28T09:23:08.110Z[39m [32mDEBUG[39m [97m@wdio/browserstack-service[39m Added data to request queue. Queue length = 53
[90m2026-01-28T09:23:08.149Z[39m [32mDEBUG[39m [97m@wdio/browserstack-service[39m Added data to request queue. Queue length = 54
[90m2026-01-28T09:23:08.152Z[39m [32mDEBUG[39m [97m@wdio/browserstack-service[39m Added data to request queue. Queue length = 55
[90m2026-01-28T09:23:08.192Z[39m [32mDEBUG[39m [97m@wdio/browserstack-service[39m Added data to request queue. Queue length = 56
[90m2026-01-28T09:23:08.226Z[39m [32mDEBUG[39m [97m@wdio/browserstack-service[39m Added data to request queue. Queue length = 57
[90m2026-01-28T09:23:08.230Z[39m [32mDEBUG[39m [97m@wdio/browserstack-service[39m Added data to request queue. Queue length = 58
[90m2026-01-28T09:23:08.265Z[39m [32mDEBUG[39m [97m@wdio/browserstack-service[39m Added data to request queue. Queue length = 59
[90m2026-01-28T09:23:08.310Z[39m [32mDEBUG[39m [97m@wdio/browserstack-service[39m Sending data from request queue. Data length = 59, Queue length after removal = 0
[90m2026-01-28T09:23:08.310Z[39m [32mDEBUG[39m [97m@wdio/browserstack-service[39m calling callback with kind INTERVAL_QUEUE
[90m2026-01-28T09:23:08.310Z[39m [32mDEBUG[39m [97m@wdio/browserstack-service[39m callback: called with events 59
[90m2026-01-28T09:23:08.311Z[39m [32mDEBUG[39m [97m@wdio/browserstack-service[39m Added data to request queue. Queue length = 1
[90m2026-01-28T09:23:08.369Z[39m [32mDEBUG[39m [97m@wdio/browserstack-service[39m Added data to request queue. Queue length = 2
[90m2026-01-28T09:23:08.370Z[39m [32mDEBUG[39m [97m@wdio/browserstack-service[39m Added data to request queue. Queue length = 3
[90m2026-01-28T09:23:08.409Z[39m [32mDEBUG[39m [97m@wdio/browserstack-service[39m Added data to request queue. Queue length = 4
[90m2026-01-28T09:23:08.415Z[39m [32mDEBUG[39m [97m@wdio/browserstack-service[39m Added data to request queue. Queue length = 5
[90m2026-01-28T09:23:08.431Z[39m [32mDEBUG[39m [97m@wdio/browserstack-service[39m Added data to request queue. Queue length = 6
[90m2026-01-28T09:23:08.446Z[39m [32mDEBUG[39m [97m@wdio/browserstack-service[39m Added data to request queue. Queue length = 7
[90m2026-01-28T09:23:08.466Z[39m [32mDEBUG[39m [97m@wdio/browserstack-service[39m Added data to request queue. Queue length = 8
[90m2026-01-28T09:23:08.480Z[39m [32mDEBUG[39m [97m@wdio/browserstack-service[39m Added data to request queue. Queue length = 9
[90m2026-01-28T09:23:08.487Z[39m [32mDEBUG[39m [97m@wdio/browserstack-service[39m Added data to request queue. Queue length = 10
[90m2026-01-28T09:23:08.520Z[39m [32mDEBUG[39m [97m@wdio/browserstack-service[39m Added data to request queue. Queue length = 11
[90m2026-01-28T09:23:08.548Z[39m [32mDEBUG[39m [97m@wdio/browserstack-service[39m [BATCH_DATA] Success response: {"success":true}
[90m2026-01-28T09:23:08.548Z[39m [32mDEBUG[39m [97m@wdio/browserstack-service[39m callback: marking events success 59
[90m2026-01-28T09:23:08.568Z[39m [32mDEBUG[39m [97m@wdio/browserstack-service[39m Added data to request queue. Queue length = 12
[90m2026-01-28T09:23:08.586Z[39m [32mDEBUG[39m [97m@wdio/browserstack-service[39m Added data to request queue. Queue length = 13
[90m2026-01-28T09:23:08.620Z[39m [32mDEBUG[39m [97m@wdio/browserstack-service[39m Added data to request queue. Queue length = 14
[90m2026-01-28T09:23:08.692Z[39m [32mDEBUG[39m [97m@wdio/browserstack-service[39m Added data to request queue. Queue length = 15
[90m2026-01-28T09:23:08.704Z[39m [32mDEBUG[39m [97m@wdio/browserstack-service[39m Added data to request queue. Queue length = 16
[90m2026-01-28T09:23:08.777Z[39m [32mDEBUG[39m [97m@wdio/browserstack-service[39m Added data to request queue. Queue length = 17
[90m2026-01-28T09:23:08.918Z[39m [32mDEBUG[39m [97m@wdio/browserstack-service[39m Added data to request queue. Queue length = 18
[90m2026-01-28T09:23:08.923Z[39m [32mDEBUG[39m [97m@wdio/browserstack-service[39m Added data to request queue. Queue length = 19
[90m2026-01-28T09:23:09.010Z[39m [32mDEBUG[39m [97m@wdio/browserstack-service[39m Added data to request queue. Queue length = 20
[90m2026-01-28T09:23:09.073Z[39m [32mDEBUG[39m [97m@wdio/browserstack-service[39m Added data to request queue. Queue length = 21
[90m2026-01-28T09:23:09.173Z[39m [32mDEBUG[39m [97m@wdio/browserstack-service[39m Added data to request queue. Queue length = 22
[90m2026-01-28T09:23:09.227Z[39m [32mDEBUG[39m [97m@wdio/browserstack-service[39m Added data to request queue. Queue length = 23
[90m2026-01-28T09:23:09.258Z[39m [32mDEBUG[39m [97m@wdio/browserstack-service[39m Added data to request queue. Queue length = 24
[90m2026-01-28T09:23:09.264Z[39m [32mDEBUG[39m [97m@wdio/browserstack-service[39m Added data to request queue. Queue length = 25
[90m2026-01-28T09:23:09.299Z[39m [32mDEBUG[39m [97m@wdio/browserstack-service[39m Added data to request queue. Queue length = 26
[90m2026-01-28T09:23:09.327Z[39m [32mDEBUG[39m [97m@wdio/browserstack-service[39m Added data to request queue. Queue length = 27
[90m2026-01-28T09:23:09.339Z[39m [32mDEBUG[39m [97m@wdio/browserstack-service[39m Added data to request queue. Queue length = 28
[90m2026-01-28T09:23:09.342Z[39m [32mDEBUG[39m [97m@wdio/browserstack-service[39m Added data to request queue. Queue length = 29
[90m2026-01-28T09:23:09.366Z[39m [32mDEBUG[39m [97m@wdio/browserstack-service[39m Added data to request queue. Queue length = 30
[90m2026-01-28T09:23:09.406Z[39m [32mDEBUG[39m [97m@wdio/browserstack-service[39m Added data to request queue. Queue length = 31
[90m2026-01-28T09:23:09.426Z[39m [32mDEBUG[39m [97m@wdio/browserstack-service[39m Added data to request queue. Queue length = 32
[90m2026-01-28T09:23:09.506Z[39m [32mDEBUG[39m [97m@wdio/browserstack-service[39m Added data to request queue. Queue length = 33
[90m2026-01-28T09:23:09.529Z[39m [32mDEBUG[39m [97m@wdio/browserstack-service[39m Added data to request queue. Queue length = 34
[90m2026-01-28T09:23:09.531Z[39m [32mDEBUG[39m [97m@wdio/browserstack-service[39m Added data to request queue. Queue length = 35
[90m2026-01-28T09:23:09.567Z[39m [32mDEBUG[39m [97m@wdio/browserstack-service[39m Added data to request queue. Queue length = 36
[90m2026-01-28T09:23:09.650Z[39m [32mDEBUG[39m [97m@wdio/browserstack-service[39m Added data to request queue. Queue length = 37
[90m2026-01-28T09:23:09.652Z[39m [32mDEBUG[39m [97m@wdio/browserstack-service[39m Added data to request queue. Queue length = 38
[90m2026-01-28T09:23:09.686Z[39m [32mDEBUG[39m [97m@wdio/browserstack-service[39m Added data to request queue. Queue length = 39
[90m2026-01-28T09:23:09.744Z[39m [32mDEBUG[39m [97m@wdio/browserstack-service[39m Added data to request queue. Queue length = 40
[90m2026-01-28T09:23:09.752Z[39m [32mDEBUG[39m [97m@wdio/browserstack-service[39m Added data to request queue. Queue length = 41
[90m2026-01-28T09:23:09.790Z[39m [32mDEBUG[39m [97m@wdio/browserstack-service[39m Added data to request queue. Queue length = 42
[90m2026-01-28T09:23:09.819Z[39m [32mDEBUG[39m [97m@wdio/browserstack-service[39m Added data to request queue. Queue length = 43
[90m2026-01-28T09:23:09.833Z[39m [32mDEBUG[39m [97m@wdio/browserstack-service[39m Added data to request queue. Queue length = 44
[90m2026-01-28T09:23:09.843Z[39m [32mDEBUG[39m [97m@wdio/browserstack-service[39m Added data to request queue. Queue length = 45
[90m2026-01-28T09:23:09.849Z[39m [32mDEBUG[39m [97m@wdio/browserstack-service[39m Added data to request queue. Queue length = 46
[90m2026-01-28T09:23:09.871Z[39m [32mDEBUG[39m [97m@wdio/browserstack-service[39m Added data to request queue. Queue length = 47
[90m2026-01-28T09:23:09.882Z[39m [32mDEBUG[39m [97m@wdio/browserstack-service[39m Added data to request queue. Queue length = 48
[90m2026-01-28T09:23:09.919Z[39m [32mDEBUG[39m [97m@wdio/browserstack-service[39m Added data to request queue. Queue length = 49
[90m2026-01-28T09:23:09.949Z[39m [32mDEBUG[39m [97m@wdio/browserstack-service[39m Added data to request queue. Queue length = 50
[90m2026-01-28T09:23:10.016Z[39m [32mDEBUG[39m [97m@wdio/browserstack-service[39m Added data to request queue. Queue length = 51
[90m2026-01-28T09:23:10.100Z[39m [32mDEBUG[39m [97m@wdio/browserstack-service[39m Added data to request queue. Queue length = 52
[90m2026-01-28T09:23:10.130Z[39m [32mDEBUG[39m [97m@wdio/browserstack-service[39m Added data to request queue. Queue length = 53
[90m2026-01-28T09:23:10.193Z[39m [32mDEBUG[39m [97m@wdio/browserstack-service[39m Added data to request queue. Queue length = 54
[90m2026-01-28T09:23:10.243Z[39m [32mDEBUG[39m [97m@wdio/browserstack-service[39m Added data to request queue. Queue length = 55
[90m2026-01-28T09:23:10.289Z[39m [32mDEBUG[39m [97m@wdio/browserstack-service[39m Added data to request queue. Queue length = 56
[90m2026-01-28T09:23:10.290Z[39m [32mDEBUG[39m [97m@wdio/browserstack-service[39m Added data to request queue. Queue length = 57
[90m2026-01-28T09:23:10.312Z[39m [32mDEBUG[39m [97m@wdio/browserstack-service[39m Sending data from request queue. Data length = 57, Queue length after removal = 0
[90m2026-01-28T09:23:10.312Z[39m [32mDEBUG[39m [97m@wdio/browserstack-service[39m calling callback with kind INTERVAL_QUEUE
[90m2026-01-28T09:23:10.312Z[39m [32mDEBUG[39m [97m@wdio/browserstack-service[39m callback: called with events 57
[90m2026-01-28T09:23:10.335Z[39m [32mDEBUG[39m [97m@wdio/browserstack-service[39m Added data to request queue. Queue length = 1
[90m2026-01-28T09:23:10.412Z[39m [32mDEBUG[39m [97m@wdio/browserstack-service[39m Added data to request queue. Queue length = 2
[90m2026-01-28T09:23:10.479Z[39m [32mDEBUG[39m [97m@wdio/browserstack-service[39m Added data to request queue. Queue length = 3
[90m2026-01-28T09:23:10.483Z[39m [32mDEBUG[39m [97m@wdio/browserstack-service[39m Added data to request queue. Queue length = 4
[90m2026-01-28T09:23:10.538Z[39m [32mDEBUG[39m [97m@wdio/browserstack-service[39m Added data to request queue. Queue length = 5
[90m2026-01-28T09:23:10.556Z[39m [32mDEBUG[39m [97m@wdio/browserstack-service[39m [BATCH_DATA] Success response: {"success":true}
[90m2026-01-28T09:23:10.556Z[39m [32mDEBUG[39m [97m@wdio/browserstack-service[39m callback: marking events success 57
[90m2026-01-28T09:23:10.596Z[39m [32mDEBUG[39m [97m@wdio/browserstack-service[39m Added data to request queue. Queue length = 6
[90m2026-01-28T09:23:10.633Z[39m [32mDEBUG[39m [97m@wdio/browserstack-service[39m Added data to request queue. Queue length = 7
[90m2026-01-28T09:23:10.676Z[39m [32mDEBUG[39m [97m@wdio/browserstack-service[39m Added data to request queue. Queue length = 8
[90m2026-01-28T09:23:10.729Z[39m [32mDEBUG[39m [97m@wdio/browserstack-service[39m Added data to request queue. Queue length = 9
[90m2026-01-28T09:23:10.765Z[39m [32mDEBUG[39m [97m@wdio/browserstack-service[39m Added data to request queue. Queue length = 10
[90m2026-01-28T09:23:10.803Z[39m [32mDEBUG[39m [97m@wdio/browserstack-service[39m Added data to request queue. Queue length = 11
[90m2026-01-28T09:23:10.835Z[39m [32mDEBUG[39m [97m@wdio/browserstack-service[39m Added data to request queue. Queue length = 12
[90m2026-01-28T09:23:10.890Z[39m [32mDEBUG[39m [97m@wdio/browserstack-service[39m Added data to request queue. Queue length = 13
[90m2026-01-28T09:23:10.890Z[39m [32mDEBUG[39m [97m@wdio/browserstack-service[39m Added data to request queue. Queue length = 14
[90m2026-01-28T09:23:10.921Z[39m [32mDEBUG[39m [97m@wdio/browserstack-service[39m Added data to request queue. Queue length = 15
[90m2026-01-28T09:23:10.983Z[39m [32mDEBUG[39m [97m@wdio/browserstack-service[39m Added data to request queue. Queue length = 16
[90m2026-01-28T09:23:10.990Z[39m [32mDEBUG[39m [97m@wdio/browserstack-service[39m Added data to request queue. Queue length = 17
[90m2026-01-28T09:23:11.043Z[39m [32mDEBUG[39m [97m@wdio/browserstack-service[39m Added data to request queue. Queue length = 18
[90m2026-01-28T09:23:11.082Z[39m [32mDEBUG[39m [97m@wdio/browserstack-service[39m Added data to request queue. Queue length = 19
[90m2026-01-28T09:23:11.099Z[39m [32mDEBUG[39m [97m@wdio/browserstack-service[39m Added data to request queue. Queue length = 20
[90m2026-01-28T09:23:11.123Z[39m [32mDEBUG[39m [97m@wdio/browserstack-service[39m Added data to request queue. Queue length = 21
[90m2026-01-28T09:23:11.135Z[39m [32mDEBUG[39m [97m@wdio/browserstack-service[39m Added data to request queue. Queue length = 22
[90m2026-01-28T09:23:11.142Z[39m [32mDEBUG[39m [97m@wdio/browserstack-service[39m Added data to request queue. Queue length = 23
[90m2026-01-28T09:23:11.175Z[39m [32mDEBUG[39m [97m@wdio/browserstack-service[39m Added data to request queue. Queue length = 24
[90m2026-01-28T09:23:11.184Z[39m [32mDEBUG[39m [97m@wdio/browserstack-service[39m Added data to request queue. Queue length = 25
[90m2026-01-28T09:23:11.216Z[39m [32mDEBUG[39m [97m@wdio/browserstack-service[39m Added data to request queue. Queue length = 26
[90m2026-01-28T09:23:11.252Z[39m [32mDEBUG[39m [97m@wdio/browserstack-service[39m Added data to request queue. Queue length = 27
[90m2026-01-28T09:23:11.256Z[39m [32mDEBUG[39m [97m@wdio/browserstack-service[39m Added data to request queue. Queue length = 28
[90m2026-01-28T09:23:11.426Z[39m [32mDEBUG[39m [97m@wdio/browserstack-service[39m Accessibility after test hook. Before sending test stop event
[90m2026-01-28T09:23:11.426Z[39m [32mDEBUG[39m [97m@wdio/browserstack-service[39m Driver capabilities used for integration object: {"webStorageEnabled":false,"locationContextEnabled":false,"browserName":"safari","platform":"MAC","javascriptEnabled":true,"databaseEnabled":false,"takesScreenshot":true,"networkConnectionEnabled":false,"unhandledPromptBehavior":"ignore","platformName":"iOS","newCommandTimeout":0,"realMobile":"true","deviceName":"iPhone 13","safariIgnoreFraudWarning":true,"orientation":"PORTRAIT","deviceOrientation":"PORTRAIT","noReset":true,"automationName":"XCUITest","keychainPath":"[REDACTED VALUE]","keychainPassword":"[REDACTED VALUE]","useXctestrunFile":true,"bootstrapPath":"/usr/local/.browserstack/config/wda_derived_data_15_3.1.0.10.5.0_515e29e8-234f-4a0f-a938-5ab844beed3d/Build/Products","browserstack.isTargetBased":"true","udid":"00008110-0001059E3E61401E"}
[90m2026-01-28T09:23:11.426Z[39m [32mDEBUG[39m [97m@wdio/browserstack-service[39m User capabilities used for integration object: {"browserName":"Chromium","bstack:options":{"deviceOrientation":"portrait","deviceName":"iPhone 13","osVersion":"15","buildIdentifier":"${BUILD_NUMBER}","consoleLogs":"info","networkLogs":"true","projectName":"rspace-web-percy","buildName":"e2e-tests","wdioService":"9.20.0","testhubBuildUuid":"r3e7xdkdp2naaghshqr9nbofq0qhbfhtjmhhymr3","buildProductMap":{"observability":true,"accessibility":null,"percy":true,"automate":true,"app_automate":false},"local":true}}
[90m2026-01-28T09:23:11.426Z[39m [32mDEBUG[39m [97m@wdio/browserstack-service[39m Got osVersion from user bstack options
[90m2026-01-28T09:23:11.426Z[39m [32mDEBUG[39m [97m@wdio/browserstack-service[39m Added data to request queue. Queue length = 29
[90m2026-01-28T09:23:11.428Z[39m [32mDEBUG[39m [97m@wdio/browserstack-service[39m Added data to request queue. Queue length = 30
[90m2026-01-28T09:23:11.431Z[39m [96mINFO[39m [97m@wdio/browserstack-service[39m Update job with sessionId 42cd35b9785069dc43477bfa5721337080cacb9e
[90m2026-01-28T09:23:11.431Z[39m [32mDEBUG[39m [97m@wdio/browserstack-service[39m Updating Browserstack session at https://api.browserstack.com/automate/sessions/42cd35b9785069dc43477bfa5721337080cacb9e.json with request body: 
[90m2026-01-28T09:23:11.926Z[39m [32mDEBUG[39m [97m@wdio/browserstack-service[39m teardown started
[90m2026-01-28T09:23:11.927Z[39m [32mDEBUG[39m [97m@wdio/browserstack-service[39m shutdown started
[90m2026-01-28T09:23:11.927Z[39m [32mDEBUG[39m [97m@wdio/browserstack-service[39m Shutting down request queue
[90m2026-01-28T09:23:11.927Z[39m [32mDEBUG[39m [97m@wdio/browserstack-service[39m calling callback with kind SHUTDOWN_QUEUE
[90m2026-01-28T09:23:11.927Z[39m [32mDEBUG[39m [97m@wdio/browserstack-service[39m callback: called with events 30
[90m2026-01-28T09:23:12.182Z[39m [32mDEBUG[39m [97m@wdio/browserstack-service[39m [BATCH_DATA] Success response: {"success":true}
[90m2026-01-28T09:23:12.182Z[39m [32mDEBUG[39m [97m@wdio/browserstack-service[39m callback: marking events success 30
[90m2026-01-28T09:23:12.182Z[39m [32mDEBUG[39m [97m@wdio/browserstack-service[39m shutdown ended
[90m2026-01-28T09:23:12.182Z[39m [32mDEBUG[39m [97m@wdio/browserstack-service[39m teardown ended
[90m2026-01-28T09:23:13.708Z[39m [32mDEBUG[39m [97m@wdio/browserstack-service[39m Added data to request queue. Queue length = 1
[90m2026-01-28T09:23:13.708Z[39m [32mDEBUG[39m [97m@wdio/browserstack-service[39m Force request-queue shutdown, as test run event is received after teardown
[90m2026-01-28T09:23:13.708Z[39m [32mDEBUG[39m [97m@wdio/browserstack-service[39m Sending data from request queue. Data length = 1, Queue length after removal = 0
[90m2026-01-28T09:23:13.708Z[39m [32mDEBUG[39m [97m@wdio/browserstack-service[39m calling callback with kind INTERVAL_QUEUE
[90m2026-01-28T09:23:13.708Z[39m [32mDEBUG[39m [97m@wdio/browserstack-service[39m callback: called with events 1
[90m2026-01-28T09:23:23.556Z[39m [32mDEBUG[39m [97m@wdio/browserstack-service[39m Skipping method: Console, exists: true, type: function
[90m2026-01-28T09:23:23.596Z[39m [32mDEBUG[39m [97m@wdio/browserstack-service[39m Requesting Browserstack session URL at https://api.browserstack.com/automate/sessions/6cb46618f9408f8b159f03cc01a3d7ef1de25b16.json
[90m2026-01-28T09:23:23.996Z[39m [96mINFO[39m [97m@wdio/browserstack-service[39m Windows 10 Chrome 120.0 session: https://automate.browserstack.com/builds/a4a175dc8d45aebc06e9981f51045ddabcf98c55/sessions/6cb46618f9408f8b159f03cc01a3d7ef1de25b16
[90m2026-01-28T09:23:24.002Z[39m [96mINFO[39m [97m@wdio/browserstack-service[39m Update job with sessionId 6cb46618f9408f8b159f03cc01a3d7ef1de25b16
[90m2026-01-28T09:23:24.003Z[39m [32mDEBUG[39m [97m@wdio/browserstack-service[39m Updating Browserstack session at https://api.browserstack.com/automate/sessions/6cb46618f9408f8b159f03cc01a3d7ef1de25b16.json with request body: 
[90m2026-01-28T09:23:24.295Z[39m [96mINFO[39m [97m@wdio/browserstack-service[39m Update job with sessionId 6cb46618f9408f8b159f03cc01a3d7ef1de25b16
[90m2026-01-28T09:23:24.296Z[39m [32mDEBUG[39m [97m@wdio/browserstack-service[39m Updating Browserstack session at https://api.browserstack.com/automate/sessions/6cb46618f9408f8b159f03cc01a3d7ef1de25b16.json with request body: 
[90m2026-01-28T09:23:24.605Z[39m [32mDEBUG[39m [97m@wdio/browserstack-service[39m Driver capabilities used for integration object: {"acceptInsecureCerts":true,"browserName":"chrome","browserVersion":"120.0.6099.63","chrome":{"chromedriverVersion":"120.0.6099.62 (93ab19d804d479b507c4694305631dfb65f8e930-refs/branch-heads/6099_56@{#3})","userDataDir":"C:\\Windows\\proxy\\scoped_dir8808_637915219"},"fedcm:accounts":true,"goog:chromeOptions":{"debuggerAddress":"localhost:9222"},"networkConnectionEnabled":false,"pageLoadStrategy":"normal","platformName":"windows","proxy":{},"setWindowRect":true,"strictFileInteractability":false,"timeouts":{"implicit":0,"pageLoad":300000,"script":30000},"unhandledPromptBehavior":"ignore","webauthn:extension:credBlob":true,"webauthn:extension:largeBlob":true,"webauthn:extension:minPinLength":true,"webauthn:extension:prf":true,"webauthn:virtualAuthenticators":true,"webdriver.remote.sessionid":"6cb46618f9408f8b159f03cc01a3d7ef1de25b16"}
[90m2026-01-28T09:23:24.605Z[39m [32mDEBUG[39m [97m@wdio/browserstack-service[39m User capabilities used for integration object: {"browserName":"Chrome","bstack:options":{"browserVersion":"120.0","os":"Windows","osVersion":"10","buildIdentifier":"${BUILD_NUMBER}","consoleLogs":"info","networkLogs":"true","projectName":"rspace-web-percy","buildName":"e2e-tests","wdioService":"9.20.0","testhubBuildUuid":"r3e7xdkdp2naaghshqr9nbofq0qhbfhtjmhhymr3","buildProductMap":{"observability":true,"accessibility":null,"percy":true,"automate":true,"app_automate":false},"local":true}}
[90m2026-01-28T09:23:24.605Z[39m [32mDEBUG[39m [97m@wdio/browserstack-service[39m Got osVersion from user bstack options
[90m2026-01-28T09:23:24.606Z[39m [32mDEBUG[39m [97m@wdio/browserstack-service[39m Added data to request queue. Queue length = 1
[90m2026-01-28T09:23:25.231Z[39m [32mDEBUG[39m [97m@wdio/browserstack-service[39m Added data to request queue. Queue length = 2
[90m2026-01-28T09:23:25.369Z[39m [32mDEBUG[39m [97m@wdio/browserstack-service[39m Added data to request queue. Queue length = 3
[90m2026-01-28T09:23:25.875Z[39m [32mDEBUG[39m [97m@wdio/browserstack-service[39m Added data to request queue. Queue length = 4
[90m2026-01-28T09:23:25.890Z[39m [32mDEBUG[39m [97m@wdio/browserstack-service[39m Added data to request queue. Queue length = 5
[90m2026-01-28T09:23:25.975Z[39m [32mDEBUG[39m [97m@wdio/browserstack-service[39m Added data to request queue. Queue length = 6
[90m2026-01-28T09:23:25.993Z[39m [32mDEBUG[39m [97m@wdio/browserstack-service[39m Added data to request queue. Queue length = 7
[90m2026-01-28T09:23:26.304Z[39m [32mDEBUG[39m [97m@wdio/browserstack-service[39m Added data to request queue. Queue length = 8
[90m2026-01-28T09:23:26.362Z[39m [32mDEBUG[39m [97m@wdio/browserstack-service[39m Added data to request queue. Queue length = 9
[90m2026-01-28T09:23:26.433Z[39m [32mDEBUG[39m [97m@wdio/browserstack-service[39m Added data to request queue. Queue length = 10
[90m2026-01-28T09:23:26.441Z[39m [32mDEBUG[39m [97m@wdio/browserstack-service[39m Added data to request queue. Queue length = 11
[90m2026-01-28T09:23:26.509Z[39m [32mDEBUG[39m [97m@wdio/browserstack-service[39m Added data to request queue. Queue length = 12
[90m2026-01-28T09:23:26.608Z[39m [32mDEBUG[39m [97m@wdio/browserstack-service[39m Sending data from request queue. Data length = 12, Queue length after removal = 0
[90m2026-01-28T09:23:26.608Z[39m [32mDEBUG[39m [97m@wdio/browserstack-service[39m calling callback with kind INTERVAL_QUEUE
[90m2026-01-28T09:23:26.608Z[39m [32mDEBUG[39m [97m@wdio/browserstack-service[39m callback: called with events 12
[90m2026-01-28T09:23:26.813Z[39m [32mDEBUG[39m [97m@wdio/browserstack-service[39m Added data to request queue. Queue length = 1
[90m2026-01-28T09:23:26.903Z[39m [32mDEBUG[39m [97m@wdio/browserstack-service[39m Added data to request queue. Queue length = 2
[90m2026-01-28T09:23:27.387Z[39m [32mDEBUG[39m [97m@wdio/browserstack-service[39m Added data to request queue. Queue length = 3
[90m2026-01-28T09:23:27.457Z[39m [32mDEBUG[39m [97m@wdio/browserstack-service[39m Added data to request queue. Queue length = 4
[90m2026-01-28T09:23:27.476Z[39m [32mDEBUG[39m [97m@wdio/browserstack-service[39m Added data to request queue. Queue length = 5
[90m2026-01-28T09:23:27.495Z[39m [32mDEBUG[39m [97m@wdio/browserstack-service[39m Added data to request queue. Queue length = 6
[90m2026-01-28T09:23:27.532Z[39m [32mDEBUG[39m [97m@wdio/browserstack-service[39m Added data to request queue. Queue length = 7
[90m2026-01-28T09:23:27.539Z[39m [32mDEBUG[39m [97m@wdio/browserstack-service[39m Added data to request queue. Queue length = 8
[90m2026-01-28T09:23:27.565Z[39m [32mDEBUG[39m [97m@wdio/browserstack-service[39m Added data to request queue. Queue length = 9
[90m2026-01-28T09:23:27.713Z[39m [32mDEBUG[39m [97m@wdio/browserstack-service[39m [BATCH_DATA] Success response: {"success":true}
[90m2026-01-28T09:23:27.713Z[39m [32mDEBUG[39m [97m@wdio/browserstack-service[39m callback: marking events success 12
[90m2026-01-28T09:23:27.838Z[39m [32mDEBUG[39m [97m@wdio/browserstack-service[39m Added data to request queue. Queue length = 10
[90m2026-01-28T09:23:27.853Z[39m [32mDEBUG[39m [97m@wdio/browserstack-service[39m Added data to request queue. Queue length = 11
[90m2026-01-28T09:23:27.882Z[39m [32mDEBUG[39m [97m@wdio/browserstack-service[39m Added data to request queue. Queue length = 12
[90m2026-01-28T09:23:27.943Z[39m [32mDEBUG[39m [97m@wdio/browserstack-service[39m Added data to request queue. Queue length = 13
[90m2026-01-28T09:23:27.958Z[39m [32mDEBUG[39m [97m@wdio/browserstack-service[39m Added data to request queue. Queue length = 14
[90m2026-01-28T09:23:28.341Z[39m [32mDEBUG[39m [97m@wdio/browserstack-service[39m Added data to request queue. Queue length = 15
[90m2026-01-28T09:23:28.517Z[39m [32mDEBUG[39m [97m@wdio/browserstack-service[39m Added data to request queue. Queue length = 16
[90m2026-01-28T09:23:28.608Z[39m [32mDEBUG[39m [97m@wdio/browserstack-service[39m Sending data from request queue. Data length = 16, Queue length after removal = 0
[90m2026-01-28T09:23:28.608Z[39m [32mDEBUG[39m [97m@wdio/browserstack-service[39m calling callback with kind INTERVAL_QUEUE
[90m2026-01-28T09:23:28.608Z[39m [32mDEBUG[39m [97m@wdio/browserstack-service[39m callback: called with events 16
[90m2026-01-28T09:23:28.727Z[39m [32mDEBUG[39m [97m@wdio/browserstack-service[39m Added data to request queue. Queue length = 1
[90m2026-01-28T09:23:28.823Z[39m [32mDEBUG[39m [97m@wdio/browserstack-service[39m Added data to request queue. Queue length = 2
[90m2026-01-28T09:23:28.849Z[39m [32mDEBUG[39m [97m@wdio/browserstack-service[39m [BATCH_DATA] Success response: {"success":true}
[90m2026-01-28T09:23:28.849Z[39m [32mDEBUG[39m [97m@wdio/browserstack-service[39m callback: marking events success 16
[90m2026-01-28T09:23:28.880Z[39m [32mDEBUG[39m [97m@wdio/browserstack-service[39m Added data to request queue. Queue length = 3
[90m2026-01-28T09:23:29.108Z[39m [32mDEBUG[39m [97m@wdio/browserstack-service[39m Added data to request queue. Queue length = 4
[90m2026-01-28T09:23:29.516Z[39m [32mDEBUG[39m [97m@wdio/browserstack-service[39m Added data to request queue. Queue length = 5
[90m2026-01-28T09:23:29.577Z[39m [32mDEBUG[39m [97m@wdio/browserstack-service[39m Added data to request queue. Queue length = 6
[90m2026-01-28T09:23:29.609Z[39m [32mDEBUG[39m [97m@wdio/browserstack-service[39m Added data to request queue. Queue length = 7
[90m2026-01-28T09:23:29.727Z[39m [32mDEBUG[39m [97m@wdio/browserstack-service[39m Added data to request queue. Queue length = 8
[90m2026-01-28T09:23:29.822Z[39m [32mDEBUG[39m [97m@wdio/browserstack-service[39m Added data to request queue. Queue length = 9
[90m2026-01-28T09:23:30.212Z[39m [32mDEBUG[39m [97m@wdio/browserstack-service[39m Added data to request queue. Queue length = 10
[90m2026-01-28T09:23:30.270Z[39m [32mDEBUG[39m [97m@wdio/browserstack-service[39m Added data to request queue. Queue length = 11
[90m2026-01-28T09:23:30.338Z[39m [32mDEBUG[39m [97m@wdio/browserstack-service[39m Added data to request queue. Queue length = 12
[90m2026-01-28T09:23:30.569Z[39m [32mDEBUG[39m [97m@wdio/browserstack-service[39m Added data to request queue. Queue length = 13
[90m2026-01-28T09:23:30.609Z[39m [32mDEBUG[39m [97m@wdio/browserstack-service[39m Sending data from request queue. Data length = 13, Queue length after removal = 0
[90m2026-01-28T09:23:30.609Z[39m [32mDEBUG[39m [97m@wdio/browserstack-service[39m calling callback with kind INTERVAL_QUEUE
[90m2026-01-28T09:23:30.609Z[39m [32mDEBUG[39m [97m@wdio/browserstack-service[39m callback: called with events 13
[90m2026-01-28T09:23:30.659Z[39m [32mDEBUG[39m [97m@wdio/browserstack-service[39m Added data to request queue. Queue length = 1
[90m2026-01-28T09:23:30.837Z[39m [32mDEBUG[39m [97m@wdio/browserstack-service[39m [BATCH_DATA] Success response: {"success":true}
[90m2026-01-28T09:23:30.837Z[39m [32mDEBUG[39m [97m@wdio/browserstack-service[39m callback: marking events success 13
[90m2026-01-28T09:23:30.874Z[39m [32mDEBUG[39m [97m@wdio/browserstack-service[39m Added data to request queue. Queue length = 2
[90m2026-01-28T09:23:31.017Z[39m [32mDEBUG[39m [97m@wdio/browserstack-service[39m Accessibility after test hook. Before sending test stop event
[90m2026-01-28T09:23:31.017Z[39m [32mDEBUG[39m [97m@wdio/browserstack-service[39m Driver capabilities used for integration object: {"acceptInsecureCerts":true,"browserName":"chrome","browserVersion":"120.0.6099.63","chrome":{"chromedriverVersion":"120.0.6099.62 (93ab19d804d479b507c4694305631dfb65f8e930-refs/branch-heads/6099_56@{#3})","userDataDir":"C:\\Windows\\proxy\\scoped_dir8808_637915219"},"fedcm:accounts":true,"goog:chromeOptions":{"debuggerAddress":"localhost:9222"},"networkConnectionEnabled":false,"pageLoadStrategy":"normal","platformName":"windows","proxy":{},"setWindowRect":true,"strictFileInteractability":false,"timeouts":{"implicit":0,"pageLoad":300000,"script":30000},"unhandledPromptBehavior":"ignore","webauthn:extension:credBlob":true,"webauthn:extension:largeBlob":true,"webauthn:extension:minPinLength":true,"webauthn:extension:prf":true,"webauthn:virtualAuthenticators":true,"webdriver.remote.sessionid":"6cb46618f9408f8b159f03cc01a3d7ef1de25b16"}
[90m2026-01-28T09:23:31.017Z[39m [32mDEBUG[39m [97m@wdio/browserstack-service[39m User capabilities used for integration object: {"browserName":"Chrome","bstack:options":{"browserVersion":"120.0","os":"Windows","osVersion":"10","buildIdentifier":"${BUILD_NUMBER}","consoleLogs":"info","networkLogs":"true","projectName":"rspace-web-percy","buildName":"e2e-tests","wdioService":"9.20.0","testhubBuildUuid":"r3e7xdkdp2naaghshqr9nbofq0qhbfhtjmhhymr3","buildProductMap":{"observability":true,"accessibility":null,"percy":true,"automate":true,"app_automate":false},"local":true}}
[90m2026-01-28T09:23:31.017Z[39m [32mDEBUG[39m [97m@wdio/browserstack-service[39m Got osVersion from user bstack options
[90m2026-01-28T09:23:31.017Z[39m [32mDEBUG[39m [97m@wdio/browserstack-service[39m Added data to request queue. Queue length = 3
[90m2026-01-28T09:23:31.024Z[39m [96mINFO[39m [97m@wdio/browserstack-service[39m Update job with sessionId 6cb46618f9408f8b159f03cc01a3d7ef1de25b16
[90m2026-01-28T09:23:31.024Z[39m [32mDEBUG[39m [97m@wdio/browserstack-service[39m Updating Browserstack session at https://api.browserstack.com/automate/sessions/6cb46618f9408f8b159f03cc01a3d7ef1de25b16.json with request body: 
[90m2026-01-28T09:23:31.486Z[39m [32mDEBUG[39m [97m@wdio/browserstack-service[39m teardown started
[90m2026-01-28T09:23:31.487Z[39m [32mDEBUG[39m [97m@wdio/browserstack-service[39m shutdown started
[90m2026-01-28T09:23:31.487Z[39m [32mDEBUG[39m [97m@wdio/browserstack-service[39m Shutting down request queue
[90m2026-01-28T09:23:31.487Z[39m [32mDEBUG[39m [97m@wdio/browserstack-service[39m calling callback with kind SHUTDOWN_QUEUE
[90m2026-01-28T09:23:31.487Z[39m [32mDEBUG[39m [97m@wdio/browserstack-service[39m callback: called with events 3
[90m2026-01-28T09:23:31.765Z[39m [32mDEBUG[39m [97m@wdio/browserstack-service[39m [BATCH_DATA] Success response: {"success":true}
[90m2026-01-28T09:23:31.765Z[39m [32mDEBUG[39m [97m@wdio/browserstack-service[39m callback: marking events success 3
[90m2026-01-28T09:23:31.765Z[39m [32mDEBUG[39m [97m@wdio/browserstack-service[39m shutdown ended
[90m2026-01-28T09:23:31.765Z[39m [32mDEBUG[39m [97m@wdio/browserstack-service[39m teardown ended
[90m2026-01-28T09:23:33.421Z[39m [32mDEBUG[39m [97m@wdio/browserstack-service[39m Added data to request queue. Queue length = 1
[90m2026-01-28T09:23:33.422Z[39m [32mDEBUG[39m [97m@wdio/browserstack-service[39m Force request-queue shutdown, as test run event is received after teardown
[90m2026-01-28T09:23:33.422Z[39m [32mDEBUG[39m [97m@wdio/browserstack-service[39m Sending data from request queue. Data length = 1, Queue length after removal = 0
[90m2026-01-28T09:23:33.422Z[39m [32mDEBUG[39m [97m@wdio/browserstack-service[39m calling callback with kind INTERVAL_QUEUE
[90m2026-01-28T09:23:33.422Z[39m [32mDEBUG[39m [97m@wdio/browserstack-service[39m callback: called with events 1
[90m2026-01-28T09:23:42.628Z[39m [32mDEBUG[39m [97m@wdio/browserstack-service[39m Skipping method: Console, exists: true, type: function
[90m2026-01-28T09:23:42.669Z[39m [32mDEBUG[39m [97m@wdio/browserstack-service[39m Requesting Browserstack session URL at https://api.browserstack.com/automate/sessions/1f15b06c1989e0d3e46942889a1f1cfc9f4f8349.json
[90m2026-01-28T09:23:43.021Z[39m [96mINFO[39m [97m@wdio/browserstack-service[39m OS X Monterey Safari 15.6 session: https://automate.browserstack.com/builds/a4a175dc8d45aebc06e9981f51045ddabcf98c55/sessions/1f15b06c1989e0d3e46942889a1f1cfc9f4f8349
[90m2026-01-28T09:23:43.025Z[39m [96mINFO[39m [97m@wdio/browserstack-service[39m Update job with sessionId 1f15b06c1989e0d3e46942889a1f1cfc9f4f8349
[90m2026-01-28T09:23:43.025Z[39m [32mDEBUG[39m [97m@wdio/browserstack-service[39m Updating Browserstack session at https://api.browserstack.com/automate/sessions/1f15b06c1989e0d3e46942889a1f1cfc9f4f8349.json with request body: 
[90m2026-01-28T09:23:43.364Z[39m [96mINFO[39m [97m@wdio/browserstack-service[39m Update job with sessionId 1f15b06c1989e0d3e46942889a1f1cfc9f4f8349
[90m2026-01-28T09:23:43.364Z[39m [32mDEBUG[39m [97m@wdio/browserstack-service[39m Updating Browserstack session at https://api.browserstack.com/automate/sessions/1f15b06c1989e0d3e46942889a1f1cfc9f4f8349.json with request body: 
[90m2026-01-28T09:23:43.740Z[39m [32mDEBUG[39m [97m@wdio/browserstack-service[39m Driver capabilities used for integration object: {"safari:platformVersion":"12.5.1","safari:automaticInspection":false,"webkit:WebRTC":{"DisableICECandidateFiltering":false,"DisableInsecureMediaCapture":false},"browserVersion":"15.6.1","strictFileInteractability":false,"browserName":"Safari","safari:useSimulator":false,"safari:automaticProfiling":false,"safari:platformBuildVersion":"21G83","acceptInsecureCerts":false,"setWindowRect":true,"platformName":"macOS","safari:diagnose":false,"webdriver.remote.sessionid":"1f15b06c1989e0d3e46942889a1f1cfc9f4f8349"}
[90m2026-01-28T09:23:43.740Z[39m [32mDEBUG[39m [97m@wdio/browserstack-service[39m User capabilities used for integration object: {"browserName":"Safari","bstack:options":{"browserVersion":"15.6","os":"OS X","osVersion":"Monterey","buildIdentifier":"${BUILD_NUMBER}","consoleLogs":"info","networkLogs":"true","projectName":"rspace-web-percy","buildName":"e2e-tests","wdioService":"9.20.0","testhubBuildUuid":"r3e7xdkdp2naaghshqr9nbofq0qhbfhtjmhhymr3","buildProductMap":{"observability":true,"accessibility":null,"percy":true,"automate":true,"app_automate":false},"local":true}}
[90m2026-01-28T09:23:43.740Z[39m [32mDEBUG[39m [97m@wdio/browserstack-service[39m Got osVersion from user bstack options
[90m2026-01-28T09:23:43.740Z[39m [32mDEBUG[39m [97m@wdio/browserstack-service[39m Added data to request queue. Queue length = 1
[90m2026-01-28T09:23:45.741Z[39m [32mDEBUG[39m [97m@wdio/browserstack-service[39m Sending data from request queue. Data length = 1, Queue length after removal = 0
[90m2026-01-28T09:23:45.741Z[39m [32mDEBUG[39m [97m@wdio/browserstack-service[39m calling callback with kind INTERVAL_QUEUE
[90m2026-01-28T09:23:45.741Z[39m [32mDEBUG[39m [97m@wdio/browserstack-service[39m callback: called with events 1
[90m2026-01-28T09:23:46.430Z[39m [32mDEBUG[39m [97m@wdio/browserstack-service[39m [BATCH_DATA] Success response: {"success":true}
[90m2026-01-28T09:23:46.430Z[39m [32mDEBUG[39m [97m@wdio/browserstack-service[39m callback: marking events success 1
[90m2026-01-28T09:23:49.639Z[39m [32mDEBUG[39m [97m@wdio/browserstack-service[39m Added data to request queue. Queue length = 1
[90m2026-01-28T09:23:49.683Z[39m [32mDEBUG[39m [97m@wdio/browserstack-service[39m Added data to request queue. Queue length = 2
[90m2026-01-28T09:23:49.720Z[39m [32mDEBUG[39m [97m@wdio/browserstack-service[39m Added data to request queue. Queue length = 3
[90m2026-01-28T09:23:49.733Z[39m [32mDEBUG[39m [97m@wdio/browserstack-service[39m Added data to request queue. Queue length = 4
[90m2026-01-28T09:23:49.742Z[39m [32mDEBUG[39m [97m@wdio/browserstack-service[39m Sending data from request queue. Data length = 4, Queue length after removal = 0
[90m2026-01-28T09:23:49.742Z[39m [32mDEBUG[39m [97m@wdio/browserstack-service[39m calling callback with kind INTERVAL_QUEUE
[90m2026-01-28T09:23:49.742Z[39m [32mDEBUG[39m [97m@wdio/browserstack-service[39m callback: called with events 4
[90m2026-01-28T09:23:49.766Z[39m [32mDEBUG[39m [97m@wdio/browserstack-service[39m Added data to request queue. Queue length = 1
[90m2026-01-28T09:23:49.800Z[39m [32mDEBUG[39m [97m@wdio/browserstack-service[39m Added data to request queue. Queue length = 2
[90m2026-01-28T09:23:49.855Z[39m [32mDEBUG[39m [97m@wdio/browserstack-service[39m Added data to request queue. Queue length = 3
[90m2026-01-28T09:23:49.925Z[39m [32mDEBUG[39m [97m@wdio/browserstack-service[39m Added data to request queue. Queue length = 4
[90m2026-01-28T09:23:49.962Z[39m [32mDEBUG[39m [97m@wdio/browserstack-service[39m [BATCH_DATA] Success response: {"success":true}
[90m2026-01-28T09:23:49.962Z[39m [32mDEBUG[39m [97m@wdio/browserstack-service[39m callback: marking events success 4
[90m2026-01-28T09:23:49.978Z[39m [32mDEBUG[39m [97m@wdio/browserstack-service[39m Added data to request queue. Queue length = 5
[90m2026-01-28T09:23:50.026Z[39m [32mDEBUG[39m [97m@wdio/browserstack-service[39m Added data to request queue. Queue length = 6
[90m2026-01-28T09:23:50.118Z[39m [32mDEBUG[39m [97m@wdio/browserstack-service[39m Added data to request queue. Queue length = 7
[90m2026-01-28T09:23:50.154Z[39m [32mDEBUG[39m [97m@wdio/browserstack-service[39m Added data to request queue. Queue length = 8
[90m2026-01-28T09:23:50.221Z[39m [32mDEBUG[39m [97m@wdio/browserstack-service[39m Added data to request queue. Queue length = 9
[90m2026-01-28T09:23:50.353Z[39m [32mDEBUG[39m [97m@wdio/browserstack-service[39m Added data to request queue. Queue length = 10
[90m2026-01-28T09:23:50.398Z[39m [32mDEBUG[39m [97m@wdio/browserstack-service[39m Added data to request queue. Queue length = 11
[90m2026-01-28T09:23:50.481Z[39m [32mDEBUG[39m [97m@wdio/browserstack-service[39m Added data to request queue. Queue length = 12
[90m2026-01-28T09:23:50.520Z[39m [32mDEBUG[39m [97m@wdio/browserstack-service[39m Added data to request queue. Queue length = 13
[90m2026-01-28T09:23:50.520Z[39m [32mDEBUG[39m [97m@wdio/browserstack-service[39m Added data to request queue. Queue length = 14
[90m2026-01-28T09:23:50.546Z[39m [32mDEBUG[39m [97m@wdio/browserstack-service[39m Added data to request queue. Queue length = 15
[90m2026-01-28T09:23:50.575Z[39m [32mDEBUG[39m [97m@wdio/browserstack-service[39m Added data to request queue. Queue length = 16
[90m2026-01-28T09:23:50.608Z[39m [32mDEBUG[39m [97m@wdio/browserstack-service[39m Added data to request queue. Queue length = 17
[90m2026-01-28T09:23:50.644Z[39m [32mDEBUG[39m [97m@wdio/browserstack-service[39m Added data to request queue. Queue length = 18
[90m2026-01-28T09:23:50.696Z[39m [32mDEBUG[39m [97m@wdio/browserstack-service[39m Added data to request queue. Queue length = 19
[90m2026-01-28T09:23:50.718Z[39m [32mDEBUG[39m [97m@wdio/browserstack-service[39m Added data to request queue. Queue length = 20
[90m2026-01-28T09:23:50.758Z[39m [32mDEBUG[39m [97m@wdio/browserstack-service[39m Added data to request queue. Queue length = 21
[90m2026-01-28T09:23:50.812Z[39m [32mDEBUG[39m [97m@wdio/browserstack-service[39m Added data to request queue. Queue length = 22
[90m2026-01-28T09:23:50.860Z[39m [32mDEBUG[39m [97m@wdio/browserstack-service[39m Added data to request queue. Queue length = 23
[90m2026-01-28T09:23:50.893Z[39m [32mDEBUG[39m [97m@wdio/browserstack-service[39m Added data to request queue. Queue length = 24
[90m2026-01-28T09:23:50.896Z[39m [32mDEBUG[39m [97m@wdio/browserstack-service[39m Added data to request queue. Queue length = 25
[90m2026-01-28T09:23:50.918Z[39m [32mDEBUG[39m [97m@wdio/browserstack-service[39m Added data to request queue. Queue length = 26
[90m2026-01-28T09:23:50.964Z[39m [32mDEBUG[39m [97m@wdio/browserstack-service[39m Added data to request queue. Queue length = 27
[90m2026-01-28T09:23:51.018Z[39m [32mDEBUG[39m [97m@wdio/browserstack-service[39m Added data to request queue. Queue length = 28
[90m2026-01-28T09:23:51.077Z[39m [32mDEBUG[39m [97m@wdio/browserstack-service[39m Added data to request queue. Queue length = 29
[90m2026-01-28T09:23:51.119Z[39m [32mDEBUG[39m [97m@wdio/browserstack-service[39m Added data to request queue. Queue length = 30
[90m2026-01-28T09:23:51.158Z[39m [32mDEBUG[39m [97m@wdio/browserstack-service[39m Added data to request queue. Queue length = 31
[90m2026-01-28T09:23:51.194Z[39m [32mDEBUG[39m [97m@wdio/browserstack-service[39m Added data to request queue. Queue length = 32
[90m2026-01-28T09:23:51.234Z[39m [32mDEBUG[39m [97m@wdio/browserstack-service[39m Added data to request queue. Queue length = 33
[90m2026-01-28T09:23:51.305Z[39m [32mDEBUG[39m [97m@wdio/browserstack-service[39m Added data to request queue. Queue length = 34
[90m2026-01-28T09:23:51.348Z[39m [32mDEBUG[39m [97m@wdio/browserstack-service[39m Added data to request queue. Queue length = 35
[90m2026-01-28T09:23:51.379Z[39m [32mDEBUG[39m [97m@wdio/browserstack-service[39m Added data to request queue. Queue length = 36
[90m2026-01-28T09:23:51.381Z[39m [32mDEBUG[39m [97m@wdio/browserstack-service[39m Added data to request queue. Queue length = 37
[90m2026-01-28T09:23:51.407Z[39m [32mDEBUG[39m [97m@wdio/browserstack-service[39m Added data to request queue. Queue length = 38
[90m2026-01-28T09:23:51.435Z[39m [32mDEBUG[39m [97m@wdio/browserstack-service[39m Added data to request queue. Queue length = 39
[90m2026-01-28T09:23:51.490Z[39m [32mDEBUG[39m [97m@wdio/browserstack-service[39m Added data to request queue. Queue length = 40
[90m2026-01-28T09:23:51.555Z[39m [32mDEBUG[39m [97m@wdio/browserstack-service[39m Added data to request queue. Queue length = 41
[90m2026-01-28T09:23:51.599Z[39m [32mDEBUG[39m [97m@wdio/browserstack-service[39m Added data to request queue. Queue length = 42
[90m2026-01-28T09:23:51.623Z[39m [32mDEBUG[39m [97m@wdio/browserstack-service[39m Added data to request queue. Queue length = 43
[90m2026-01-28T09:23:51.626Z[39m [32mDEBUG[39m [97m@wdio/browserstack-service[39m Added data to request queue. Queue length = 44
[90m2026-01-28T09:23:51.659Z[39m [32mDEBUG[39m [97m@wdio/browserstack-service[39m Added data to request queue. Queue length = 45
[90m2026-01-28T09:23:51.743Z[39m [32mDEBUG[39m [97m@wdio/browserstack-service[39m Sending data from request queue. Data length = 45, Queue length after removal = 0
[90m2026-01-28T09:23:51.743Z[39m [32mDEBUG[39m [97m@wdio/browserstack-service[39m calling callback with kind INTERVAL_QUEUE
[90m2026-01-28T09:23:51.743Z[39m [32mDEBUG[39m [97m@wdio/browserstack-service[39m callback: called with events 45
[90m2026-01-28T09:23:51.767Z[39m [32mDEBUG[39m [97m@wdio/browserstack-service[39m Added data to request queue. Queue length = 1
[90m2026-01-28T09:23:51.799Z[39m [32mDEBUG[39m [97m@wdio/browserstack-service[39m Added data to request queue. Queue length = 2
[90m2026-01-28T09:23:51.943Z[39m [32mDEBUG[39m [97m@wdio/browserstack-service[39m Added data to request queue. Queue length = 3
[90m2026-01-28T09:23:51.991Z[39m [32mDEBUG[39m [97m@wdio/browserstack-service[39m [BATCH_DATA] Success response: {"success":true}
[90m2026-01-28T09:23:51.991Z[39m [32mDEBUG[39m [97m@wdio/browserstack-service[39m callback: marking events success 45
[90m2026-01-28T09:23:51.993Z[39m [32mDEBUG[39m [97m@wdio/browserstack-service[39m Added data to request queue. Queue length = 4
[90m2026-01-28T09:23:52.038Z[39m [32mDEBUG[39m [97m@wdio/browserstack-service[39m Added data to request queue. Queue length = 5
[90m2026-01-28T09:23:52.087Z[39m [32mDEBUG[39m [97m@wdio/browserstack-service[39m Added data to request queue. Queue length = 6
[90m2026-01-28T09:23:52.355Z[39m [32mDEBUG[39m [97m@wdio/browserstack-service[39m Added data to request queue. Queue length = 7
[90m2026-01-28T09:23:52.399Z[39m [32mDEBUG[39m [97m@wdio/browserstack-service[39m Added data to request queue. Queue length = 8
[90m2026-01-28T09:23:52.430Z[39m [32mDEBUG[39m [97m@wdio/browserstack-service[39m Added data to request queue. Queue length = 9
[90m2026-01-28T09:23:52.476Z[39m [32mDEBUG[39m [97m@wdio/browserstack-service[39m Added data to request queue. Queue length = 10
[90m2026-01-28T09:23:52.498Z[39m [32mDEBUG[39m [97m@wdio/browserstack-service[39m Added data to request queue. Queue length = 11
[90m2026-01-28T09:23:52.579Z[39m [32mDEBUG[39m [97m@wdio/browserstack-service[39m Added data to request queue. Queue length = 12
[90m2026-01-28T09:23:52.602Z[39m [32mDEBUG[39m [97m@wdio/browserstack-service[39m Added data to request queue. Queue length = 13
[90m2026-01-28T09:23:52.602Z[39m [32mDEBUG[39m [97m@wdio/browserstack-service[39m Accessibility after test hook. Before sending test stop event
[90m2026-01-28T09:23:52.602Z[39m [32mDEBUG[39m [97m@wdio/browserstack-service[39m Driver capabilities used for integration object: {"safari:platformVersion":"12.5.1","safari:automaticInspection":false,"webkit:WebRTC":{"DisableICECandidateFiltering":false,"DisableInsecureMediaCapture":false},"browserVersion":"15.6.1","strictFileInteractability":false,"browserName":"Safari","safari:useSimulator":false,"safari:automaticProfiling":false,"safari:platformBuildVersion":"21G83","acceptInsecureCerts":false,"setWindowRect":true,"platformName":"macOS","safari:diagnose":false,"webdriver.remote.sessionid":"1f15b06c1989e0d3e46942889a1f1cfc9f4f8349"}
[90m2026-01-28T09:23:52.602Z[39m [32mDEBUG[39m [97m@wdio/browserstack-service[39m User capabilities used for integration object: {"browserName":"Safari","bstack:options":{"browserVersion":"15.6","os":"OS X","osVersion":"Monterey","buildIdentifier":"${BUILD_NUMBER}","consoleLogs":"info","networkLogs":"true","projectName":"rspace-web-percy","buildName":"e2e-tests","wdioService":"9.20.0","testhubBuildUuid":"r3e7xdkdp2naaghshqr9nbofq0qhbfhtjmhhymr3","buildProductMap":{"observability":true,"accessibility":null,"percy":true,"automate":true,"app_automate":false},"local":true}}
[90m2026-01-28T09:23:52.602Z[39m [32mDEBUG[39m [97m@wdio/browserstack-service[39m Got osVersion from user bstack options
[90m2026-01-28T09:23:52.602Z[39m [32mDEBUG[39m [97m@wdio/browserstack-service[39m Added data to request queue. Queue length = 14
[90m2026-01-28T09:23:52.605Z[39m [96mINFO[39m [97m@wdio/browserstack-service[39m Update job with sessionId 1f15b06c1989e0d3e46942889a1f1cfc9f4f8349
[90m2026-01-28T09:23:52.605Z[39m [32mDEBUG[39m [97m@wdio/browserstack-service[39m Updating Browserstack session at https://api.browserstack.com/automate/sessions/1f15b06c1989e0d3e46942889a1f1cfc9f4f8349.json with request body: 
[90m2026-01-28T09:23:53.120Z[39m [32mDEBUG[39m [97m@wdio/browserstack-service[39m teardown started
[90m2026-01-28T09:23:53.120Z[39m [32mDEBUG[39m [97m@wdio/browserstack-service[39m shutdown started
[90m2026-01-28T09:23:53.120Z[39m [32mDEBUG[39m [97m@wdio/browserstack-service[39m Shutting down request queue
[90m2026-01-28T09:23:53.120Z[39m [32mDEBUG[39m [97m@wdio/browserstack-service[39m calling callback with kind SHUTDOWN_QUEUE
[90m2026-01-28T09:23:53.120Z[39m [32mDEBUG[39m [97m@wdio/browserstack-service[39m callback: called with events 14
[90m2026-01-28T09:23:53.347Z[39m [32mDEBUG[39m [97m@wdio/browserstack-service[39m [BATCH_DATA] Success response: {"success":true}
[90m2026-01-28T09:23:53.347Z[39m [32mDEBUG[39m [97m@wdio/browserstack-service[39m callback: marking events success 14
[90m2026-01-28T09:23:53.347Z[39m [32mDEBUG[39m [97m@wdio/browserstack-service[39m shutdown ended
[90m2026-01-28T09:23:53.347Z[39m [32mDEBUG[39m [97m@wdio/browserstack-service[39m teardown ended
[90m2026-01-28T09:23:55.182Z[39m [32mDEBUG[39m [97m@wdio/browserstack-service[39m Added data to request queue. Queue length = 1
[90m2026-01-28T09:23:55.182Z[39m [32mDEBUG[39m [97m@wdio/browserstack-service[39m Force request-queue shutdown, as test run event is received after teardown
[90m2026-01-28T09:23:55.182Z[39m [32mDEBUG[39m [97m@wdio/browserstack-service[39m Sending data from request queue. Data length = 1, Queue length after removal = 0
[90m2026-01-28T09:23:55.182Z[39m [32mDEBUG[39m [97m@wdio/browserstack-service[39m calling callback with kind INTERVAL_QUEUE
[90m2026-01-28T09:23:55.182Z[39m [32mDEBUG[39m [97m@wdio/browserstack-service[39m callback: called with events 1
[90m2026-01-28T09:23:55.569Z[39m [32mDEBUG[39m [97m@wdio/browserstack-service[39m Inside OnComplete hook..
[90m2026-01-28T09:23:55.569Z[39m [32mDEBUG[39m [97m@wdio/browserstack-service[39m Sending stop launch event
[90m2026-01-28T09:23:56.542Z[39m [32mDEBUG[39m [97m@wdio/browserstack-service[39m [STOP_BUILD] Success response: 
[90m2026-01-28T09:23:56.544Z[39m [96mINFO[39m [97m@wdio/browserstack-service[39m Browserstack Local successfully started after 973.347207999992ms
[90m2026-01-28T09:23:56.545Z[39m [96mINFO[39m [97m@wdio/browserstack-service[39m BrowserStack service run ended for id: f9503514-a952-4840-9723-408a4b168ba6 testhub id: r3e7xdkdp2naaghshqr9nbofq0qhbfhtjmhhymr3
[90m2026-01-28T09:23:56.546Z[39m [32mDEBUG[39m [97m@wdio/browserstack-service[39m Reading worker file worker-data-52802.json
[90m2026-01-28T09:23:56.546Z[39m [32mDEBUG[39m [97m@wdio/browserstack-service[39m Reading worker file worker-data-52804.json
[90m2026-01-28T09:23:56.546Z[39m [32mDEBUG[39m [97m@wdio/browserstack-service[39m Reading worker file worker-data-52806.json
[90m2026-01-28T09:23:56.555Z[39m [32mDEBUG[39m [97m@wdio/browserstack-service[39m Sending SDK event with data {
  userName: '[REDACTED]',
  accessKey: '[REDACTED]',
  event_type: 'SDKTestSuccessful',
  detectedFramework: 'WebdriverIO-mocha',
  event_properties: {
    sdkRunId: 'f9503514-a952-4840-9723-408a4b168ba6',
    testhub_uuid: 'r3e7xdkdp2naaghshqr9nbofq0qhbfhtjmhhymr3',
    language_framework: 'WebdriverIO_mocha',
    referrer: 'WebdriverIO-mocha/9.20.0',
    language: 'WebdriverIO',
    languageVersion: 'v22.15.1',
    buildName: 'e2e-tests',
    buildIdentifier: '${BUILD_NUMBER}',
    os: 'Darwin',
    hostname: 'Adarsh-RG9M5920FF',
    productMap: {
      observability: true,
      accessibility: null,
      percy: true,
      automate: true,
      app_automate: false
    },
    product: [ 'observability', 'percy', 'automate' ],
    framework: 'mocha',
    productUsage: {
      testObservability: {
        enabled: true,
        manuallySet: true,
        buildHashedId: 'r3e7xdkdp2naaghshqr9nbofq0qhbfhtjmhhymr3',
        events: {
          buildEvents: {
            started: { isTriggered: true, status: 'success', error: undefined },
            finished: { isTriggered: true, status: 'success', error: undefined }
          },
          testEvents: {
            started: { triggeredCount: 3, sentCount: 3, failedCount: 0 },
            finished: { triggeredCount: 3, sentCount: 3, failedCount: 0 },
            failed: { triggeredCount: 2, sentCount: 2, failedCount: 0 },
            passed: { triggeredCount: 1, sentCount: 1, failedCount: 0 }
          },
          hookEvents: {
            started: { triggeredCount: 0, sentCount: 0, failedCount: 0 },
            finished: { triggeredCount: 0, sentCount: 0, failedCount: 0 }
          },
          logEvents: {
            triggeredCount: 406,
            sentCount: 406,
            failedCount: 0,
            http: { triggeredCount: 406, sentCount: 406, failedCount: 0 }
          },
          cbtSessionEvents: { triggeredCount: 0, sentCount: 0, failedCount: 0 }
        }
      }
    }
  }
}
[90m2026-01-28T09:23:56.863Z[39m [32mDEBUG[39m [97m@wdio/browserstack-service[39m Funnel Event Response: "{\"message\":\"SDK Event recorded successfully\"}"
[90m2026-01-28T09:23:56.863Z[39m [32mDEBUG[39m [97m@wdio/browserstack-service[39m Funnel event success
[90m2026-01-28T09:23:58.618Z[39m [96mINFO[39m [97m@wdio/browserstack-service[39m Upload response: {
  "status": "success",
  "message": "Logs upload successful in file - logs.gz"
}
[90m2026-01-28T09:23:58.618Z[39m [32mDEBUG[39m [97m@wdio/browserstack-service[39m Response - {
  status: 'success',
  message: 'Logs upload successful in file - logs.gz'
}
[90m2026-01-28T09:24:02.986Z[39m [32mDEBUG[39m [97m@wdio/browserstack-service[39m Successfully uploaded performance events Bravo
